:020000040800F2
:1000000048E200203103000861890008955C00087F
:100010005D890008471A00089BD200080000000014
:100020000000000000000000000000007102000855
:100030006D24000800000000CD020008319800087F
:100040004B0300084B0300084B0300084B03000858
:100050004B0300084B0300084B0300084B03000848
:100060004B0300086F240008792400084B030008A4
:10007000A12000084B0300084B0300084B030008B5
:100080004B0300084B0300084B0300085D1A0008EF
:100090004D1A00084B0300084B0300088324000896
:1000A0004B0300084B0300084B0300084B030008F8
:1000B0002D9900084B0300084B0300084B03000870
:1000C0004B0300084B0300084B0300084B030008D8
:1000D0004B030008E1CA00084B0300084B0300086B
:1000E0004B0300084B0300084B0300084B030008B8
:1000F0004B0300084B0300084B0300084B030008A8
:100100004B0300084B0300084B0300084B03000897
:100110004B0300084B0300084B0300084B03000887
:10012000B1200008C1200008D1200008E12000080B
:100130004B0300084B0300084B0300087D1A00081E
:100140004B0300086D1A00084B0300084B0300081E
:100150004B030008F12000080121000889CB0008AA
:100160004B0300084B0300084B0300084B03000837
:100170004B0300084B0300084B030008000000007D
:100180004B0300084B03000800F002F800F060F891
:100190000AA090E8000C82448344AAF10107DA45E2
:1001A00001D100F055F8AFF2090EBAE80F0013F0D4
:1001B000010F18BFFB1A43F001031847BC5301009D
:1001C000DC5301000A444FF0000C10F8013B13F01F
:1001D000070408BF10F8014B1D1108BF10F8015BA0
:1001E000641E05D010F8016B641E01F8016BF9D193
:1001F00013F0080F1EBF10F8014BAD1C0C1B09D1EA
:100200006D1E58BF01F801CBFAD505E014F8016B5B
:1002100001F8016B6D1EF9D59142D6D370470000ED
:100220000023002400250026103A28BF78C1FBD8FF
:10023000520728BF30C148BF0B6070471FB514F08C
:10024000F5F89DE8030000F099FF1FBD10B510BD43
:1002500001F018F81146FFF7F1FF10F0E9FC01F08A
:1002600036F803B4FFF7F2FF03BC01F06DF80000AD
:100270002C4B19680868B0E8F04F80F30988BFF389
:100280006F8F4FF0000080F311887047000000006E
:1002900008480068006880F308884FF0000080F389
:1002A000148862B661B6BFF34F8FBFF36F8F00DF64
:1002B00000BF00BF08ED00E0DFF80C00016841F46A
:1002C00070010160704700BF88ED00E0EFF3098026
:1002D000BFF36F8F134B1A681EF0100F08BF20ED8D
:1002E000108A20E9F04F106009B44FF0500080F3FD
:1002F0001188BFF34F8FBFF36F8F12F073F94FF078
:10030000000080F3118809BC19680868B0E8F04F54
:100310001EF0100F08BFB0EC108A80F30988BFF3FD
:100320006F8F704744000020EFF305807047000096
:100330000948804709480047FEE7FEE7FEE7FEE779
:10034000FEE7FEE7FEE7FEE7FEE7FEE704480549B5
:10035000054A064B704700001999000889010008FA
:1003600048A2002048E2002048C2002048C20020E5
:100370009FED1A1AF5EE000A40EE010ABDEEE00A02
:10038000F5EEC00A10EE100AF1EE10FA38BF401E6A
:1003900000EE100A1349F7EE001AB8EEC00A30EE6C
:1003A000C00ADFED0F0A20EE200AFCEEC00A10EEB4
:1003B000900AC0F3080000EE900A01EB8000F8EE0E
:1003C000600A90ED011A70EE600A90ED000A71EE7D
:1003D000E01A21EE800A00EE810A704783F9223E7E
:1003E00000000044A84B0108B5EEC00AF1EE10FA77
:1003F00007D2DFED1E0AB4EEE00AF1EE10FAA8BF54
:100400007047DFED1B0AB5EEC00A60EE200ABDEEB4
:10041000E01A11EE100AF1EE10FA38BF401E00EE9D
:10042000100A1549F7EE001AB8EEC00A30EEC00AFD
:10043000DFED100A60EE200ABCEEE00A10EE100AB2
:10044000C0F3080000EE100A01EB8000B8EE400A8D
:1004500090ED011A70EEC00A90ED000A71EEE01AFC
:1004600021EE800A00EE810A70470000CD024CB4F4
:1004700083F9223E00000044A84B010870B40588AF
:100480000E884468D1F804C05368B54208D140884A
:100490004988884201BF11888D425188884203D023
:1004A00070BC6FF00200704705FB00F1880827D090
:1004B00094ED001ADCED000A94ED010ADCED011A5E
:1004C00031EE201AD4ED020A70EE211A9CED020AD8
:1004D00083ED001AC3ED011A94ED031ADCED031A43
:1004E00030EE800A401E71EE210A83ED020A04F10B
:1004F0001004C3ED030A03F110030CF1100CD7D163
:1005000011F0030030D0B0F1004F30D200282BDDC5
:10051000211F1B1FACF1040210F0010F0AD091ED56
:10052000010AD2ED010A091D121D30EE200A83EDE9
:10053000010A1B1D400817D091ED010AD2ED010AF6
:10054000401E30EE200A83ED010A91ED020AD2ED41
:10055000020A01F1080102F1080230EE200A83EDDF
:10056000020A03F10803E7D170BC00207047B4EC25
:10057000010A401EFCEC010A30EE200AA3EC010A3D
:10058000F5D1F1E701804280436070472DE9F34FD8
:1005900084B0049840680090486801900498B0F8CE
:1005A00000E04588DFEDFE0A00200290B0EE600A10
:1005B000AE4506D108884988884204BF7146864501
:1005C00004D06FF0020006B0BDE8F08F01985FEA3A
:1005D000010C18BFB7EE001A3DD000BFBEEB0C01F6
:1005E00017D0B1F1004F80F01F82002911DD021FEA
:1005F00011F0010F1CBFC2ED010A121D4B1006D0F5
:10060000C2ED010AC2ED020A08325B1EF8D100EB0E
:100610008100BCF10102A0EC011A19D0B2F1004F27
:1006200080F00882002A13DD031F12F0010F1CBFA7
:10063000C3ED010A1B1D511008D000BFC3ED010A14
:10064000C3ED020A491E03F10803F7D100EB820053
:10065000BCF1010CC2D14FF000080395002D14BF6E
:10066000B0EE602A002000F0BF8100BF009908FBB7
:1006700005F001EB800B0199DBED002A01EB800016
:100680000346F0EE421AC64552D9AEEB0802ABEB78
:10069000850112F0010F17D001EB850191ED000AE1
:1006A000B5EEC00AF1EE10FA07DDB4EEE10AF1EEA4
:1006B00010FA09DDF0EE401A06E0B1EE400AF4EE61
:1006C000C01AF1EE10FAF5D3521031D001EB850CBF
:1006D0009CED000AB5EEC00AF1EE10FA05DDB4EEAD
:1006E000E10AF1EE10FA09DD06E0B1EE400AF4EE9F
:1006F000C01AF1EE10FA01D2F0EE401A01EBC5017A
:1007000091ED000AB5EEC00AF1EE10FA05DDB4EE87
:10071000E10AF1EE10FA09DD06E0B1EE400AF4EE6E
:10072000C01AF1EE10FA01D2F0EE401A521ECDD1ED
:10073000F5EEC01AF1EE10FA00F07381F5EEC02A62
:100740000126F1EE10FA0099D4BFB1EE620AB0EEC4
:10075000620AB4EE610AF1EE10FA1CBFAEEB0802B9
:10076000B2F1010C47D005FB08F201EB820292EDD9
:10077000001A00BFB0EE410A05FB06F4B5EEC00A50
:1007800000EB8404F1EE10FACCBFF0EE400AF1EE7B
:10079000400AF4EE610AF1EE10FA28D1B5EB080C2C
:1007A00011D0BCF1004F7DD2BCF1000F0BDD00BFBA
:1007B00092ED000AD1ED000ABCF1010CE2EC010A55
:1007C000A1EC010AF4D129000ED0B1F1004F6AD298
:1007D000002909DD94ED000AD0ED000A491EE4EC81
:1007E000010AA0EC010AF5D1012002900BE0761C71
:1007F000BCF1010CBED10298012804D0F5EEC02A4C
:10080000F1EE10FA7ED09BED000AB5EB08009A4697
:100810005946064622D0B0F1004F74D200281DDDA3
:10082000091F10F0010F06D0F0EE400A80EEA01A6A
:1008300081ED011A091D401010D000BFD1ED010A51
:10084000401E80EE801A81ED011A91ED021AC1EE70
:10085000000AC1ED020A01F10801EFD1280026D0FB
:10086000B0F1004F7ED2002821DDAAF1040110F082
:10087000010F06D0D1ED010A80EE801A81ED011A38
:10088000091D401013D000BFD1ED010A401E80EEBB
:10089000801A81ED011AD1ED020A80EE801A81EDF5
:1008A000021A01E0CBE0D6E001F10801ECD1DDE96C
:1008B00000124FF000095FEA0E0773D0C14504BF74
:1008C00001EB860102EB850274D091ED000ADC4653
:1008D0005046331E35D01C46B6F1004F7ED2002C58
:1008E0002FDD0B1FABF1040C16F0010F0FD0F0EE53
:1008F000400ADCED011AB0EE601A00EEE11A83ED59
:10090000011A01E08DE0B1E01B1D0CF1040C741024
:1009100015D000BFD3ED010A9CED011A40EE410A4B
:10092000C3ED010AD3ED020A9CED021A0CF1080C8A
:1009300040EE410AC3ED020A0833641EEAD101EB1E
:1009400086012B0036D0B3F1004F72D2002B31DD7F
:10095000A2F1040CAAF1040013F0010F0CD0DCED9D
:10096000010A00E08BE090ED011A001D40EE410A03
:10097000CCED010A0CF1040C5C1019D0DCED010A7D
:1009800090ED011A40EE410ACCED010ADCED020ABD
:1009900090ED021A083040EE410ACCED020A03E065
:1009A000000000000DE005E0641E0CF1080CE5D12C
:1009B00002EB830201EB88017F1E09F101097FF43C
:1009C0007DAF009808F10108001D00900398401EBB
:1009D00003907FF44BAE0299012900E058E004BF78
:1009E00006B0BDE8F08F00BFB5EEC00AF1EE10FA18
:1009F0007FF4E9AD04990EFB05F3002B4A684FF034
:100A000000010BD902EB810C9CED000AB5EEC00A87
:100A1000F1EE10FA02D1491C8B42F3D88B427FF4DD
:100A2000D2AD6FF00400CEE5E0EC010A491EFBD127
:100A3000EFE538E0E0EC010A521EFBD108E692ED4A
:100A4000000AD1ED000ABCF1010CE2EC010AA1ECB4
:100A5000010AF4D1B7E694ED000AD0ED000A491E70
:100A6000E4EC010AA0EC010AF5D1BDE6D1ED000AE3
:100A7000401E80EE801AA1EC011AF7D1EEE6D3ED0C
:100A8000000A401E80EE801AA3EC011AF7D10EE78F
:100A9000BCEC011AD1ED000A5B1E40EE410AE1EC0C
:100AA000010AF5D14DE7B0EC011AD2ED000A5B1E48
:100AB00040EE410AE2EC010AF5D17BE72DE9F04F67
:100AC00082B0466853680193058847884B880020A8
:100AD00000900888874201BFB2F800C0654552887F
:100AE00093421EBF6FF0020002B0BDE8F08F9FED91
:100AF000412A4FEA970EC7F3400B00BFDDE9000221
:100B000002EB800A4A6898464FF00009B0EE420AAC
:100B1000B4465FEA0E0025D092ED001ADCED001A13
:100B200002EB8302DCED010A01EE810A92ED001A6C
:100B300002EB8302401ED2ED001A02EB830200EEAC
:100B4000810A9CED021ADCED030A00040CF1100C82
:100B5000000C01EE210A92ED001A02EB830200EE76
:100B6000810AD9D117F0030026D0ACF10404A2EB1E
:100B7000830210F0010F08D002EB8302D4ED010ACA
:100B800092ED001A241D00EE810A5FEA0B0013D0DB
:100B900002EB830CD4ED010A9CED001A02EBC302B8
:100BA000401E00EE810AD4ED020A92ED001A04F113
:100BB000080400EE810AEBD109F10100AAEC010A58
:100BC0001FFA80F9486800EB8902A8F101001FFABA
:100BD00080F8B8F1000F99D1009806EB8706184409
:100BE00080B20090681E05042D0C87D102B0002051
:100BF000BDE8F08F0000000070B405880E884468DE
:100C0000D1F804C05368B54208D140884988884269
:100C100001BF11888D425188884203D070BC6FF0AB
:100C20000200704705FB00F1880827D094ED001AF8
:100C3000DCED000A94ED010ADCED011A31EE601AD8
:100C4000D4ED020A70EE611A9CED020A83ED001ADF
:100C5000C3ED011A94ED031ADCED031A30EEC00A5D
:100C6000401E71EE610A83ED020A04F11004C3ED27
:100C7000030A03F110030CF1100CD7D111F003009B
:100C800030D0B0F1004F30D200282BDD211F1B1FC8
:100C9000ACF1040210F0010F0AD091ED010AD2ED7F
:100CA000010A091D121D30EE600A83ED010A1B1DA9
:100CB000400817D091ED010AD2ED010A401E30EE36
:100CC000600A83ED010A91ED020AD2ED020A01F1F8
:100CD000080102F1080230EE600A83ED020A03F116
:100CE0000803E7D170BC00207047B4EC010A401E35
:100CF000FCEC010A30EE600AA3EC010AF5D1F1E741
:100D00002DE9F04F02884768B0F802804888D1F892
:100D1000049082B04FF0000A1646824207BF09884D
:100D200088456FF0020002B018BFBDE8F08F4FEAAF
:100D3000980B02EB42000190C8F34000CDF8000090
:100D400009EB8A01BBF1000F33D0019801EB820C53
:100D500001EB80043B46E64601EBC2054FEA0B007F
:100D600093ED000A401E81ED000A93ED010A01EBAC
:100D700002118CED000A93ED020A0CEB021C85EDCA
:100D8000000A93ED030A05EB021584ED000A04EB5B
:100D9000021403F11003E3D10EEB820000EB82009A
:100DA00000EB8201ABF10100504307EB0B1701EBA5
:100DB000001118F0030C21D03B1FA1EB82011CF0A5
:100DC000010F06D093ED010A01EB82011B1D81ED9D
:100DD000000A009880B100BF93ED010A01EB820484
:100DE00001EBC20184ED000A93ED020A401E81ED81
:100DF000000A03F10803EFD107EB8C070AF10100A9
:100E00001FFA80FA701E0604360C99D102B0002039
:100E1000BDE8F08F70B5064600F094F9056806F15C
:100E20000B0020F00704B4429CBF002070BD2B468D
:100E30006A68BAB11068A04210D304F10801884270
:100E40003CBF5068586007D3516810194160116861
:100E5000091B016058601460101D70BD1346526874
:100E6000002AE7D12146284600F074F90028DED197
:100E700070BD70B50446051F00F064F90068002CD1
:100E800014BF446870BD002C18BFAC423CBF204664
:100E90006468F8D301680A18AA4218BF456003D1F4
:100EA0002A6805461144016028684119A1421CBF07
:100EB0006C6070BD6168696021680844286070BD1D
:100EC00053EA020C00F069802DE9F04B4FF0000668
:100ED000002B1FBFB3FA83F503FA05F424FA05F6D5
:100EE0005E4012BF1643B2FA82F502FA05F4C5F16C
:100EF00020051EBF22FA05FC44EA0C04203556EA00
:100F0000044C4FEA144418BF641C4FF000084FF023
:100F10000009904271EB030C39D3002919BFB1FAD3
:100F200081F701FA07F6B0FA80F700FA07F6C7F181
:100F300020071EBF20FA07FC46EA0C062037B6FB46
:100F4000F4FCA7EB0507103F07F01F0BCBF12006C1
:100F50000CFA0BFB2CFA06F644BFB3460026202FF2
:100F6000A4BF5E464FF0000B5BEA060C08BF4FF0D3
:100F7000010B19EB0B09ABFB027C48EB0608C01B0D
:100F800006FB02CC0BFB03CC71EB0C01C1E70B465B
:100F9000024641464846BDE8F08B13B54FF00000CD
:100FA0004FF00001AFF30080BDE81C407047032AFA
:100FB00040F2308010F0030C00F0158011F8013B76
:100FC000BCF1020F624498BF11F801CB00F8013B5D
:100FD00038BF11F8013BA2F1040298BF00F801CB21
:100FE00038BF00F8013B11F0030300F02580083AF8
:100FF000C0F0088051F8043B083A51F804CBA0E84F
:101000000810F5E7121D5CBF51F8043B40F8043BA3
:10101000AFF30080D20724BF11F8013B11F801CBD8
:1010200048BF11F8012B24BF00F8013B00F801CBA9
:1010300048BF00F8012B704710B5203AC0F00B8074
:10104000B1E81850203AA0E81850B1E81850A0E8CC
:101050001850BFF4F5AF5FEA027C24BFB1E8185026
:10106000A0E8185044BF18C918C0BDE810405FEA96
:10107000827C24BF51F8043B40F8043B08BF704712
:10108000D20728BF31F8023B48BF11F8012B28BF17
:1010900020F8023B48BF00F8012B704702F0FF0325
:1010A00043EA032242EA024200F002B84FF0000293
:1010B0000429C0F0128010F0030C00F01B80CCF16A
:1010C000040CBCF1020F18BF00F8012BA8BF20F8D8
:1010D000022BA1EB0C0100F00DB85FEAC17C24BF2C
:1010E00000F8012B00F8012B48BF00F8012B7047D6
:1010F0004FF0000200B5134694469646203922BFB1
:10110000A0E80C50A0E80C50B1F12001BFF4F7AFFB
:10111000090728BFA0E80C5048BF0CC05DF804EBDD
:10112000890028BF40F8042B08BF704748BF20F84B
:10113000022B11F0804F18BF00F8012B7047704749
:101140007047704700487047F0A100207047704713
:101150007047704738B504460A4600206946AFF329
:101160000080002808BF38BD02460099204600F0E4
:101170004FF8012038BD012000F07CB8F8B5AFF37E
:101180000080054600200C46102000BF0646A81926
:10119000A0420DD9324669460020AFF30080070017
:1011A00008BF00F067F80098A04218BF0546C419B0
:1011B000FFF7C8FF05600746F01D20F0070046193D
:1011C000284600F00AF8B44208BFF8BDA21B314619
:1011D0003868BDE8F84000F01BB800210160C0E9A4
:1011E000011070471020704710B500F00DF800682E
:1011F00010BD10B5044600F007F8046010BD0000F3
:1012000000487047E8A1002000487047E8A100208E
:10121000034640688C46002818BF88423CBF0346FE
:101220004068F8D318681844884207D00CF10300CE
:1012300020F00700001D411A521A0146081D0A60DD
:10124000FFF717BE1FB584B000200A9C06AB04AAA6
:1012500002A90094AFF3008018B1DDE9020108B0E3
:1012600010BD0348204000F040F800200146F6E79A
:101270000000207C10B500F03FF8BDE8104000F001
:101280002FB870477546FFF7BBFFAE4605006946AD
:10129000534620F00700854618B020B5FFF756F8F2
:1012A000BDE820404FF000064FF000074FF0000867
:1012B0004FF0000B21F00701AC46ACE8C009ACE8E8
:1012C000C009ACE8C009ACE8C0098D46704710B54C
:1012D0000446AFF300802046BDE81040FEF7C1BFD2
:1012E000002801D000F030B8704710B500F04CF87D
:1012F000BDE81040FFF7F4BF10B5012805D000216C
:1013000003A000F027F8012010BD09A1F8E70000B4
:1013100053494752544D454D3A204F7574206F66DE
:101320002068656170206D656D6F72790000000046
:101330003A2048656170206D656D6F727920636F2A
:10134000727275707465640001491820ABBEFEE7C7
:101350002600020070B505460C460A2000E06D1C10
:1013600000F068F835B128780028F8D102E0641C54
:1013700000F060F814B120780028F8D1BDE8704082
:101380000A2000F057B8000010B5022803D0410130
:1013900003D50DA112E0002010BD010101D50FA160
:1013A0000CE0C10001D511A108E0810001D512A116
:1013B00004E0400001D513A100E0002115A0FFF7D3
:1013C000C9FF012010BD0000496E76616C69642080
:1013D0004F7065726174696F6E00000044697669D0
:1013E0006465204279205A65726F00004F766572FD
:1013F000666C6F7700000000556E646572666C6FF6
:1014000077000000496E65786163742052657375DA
:101410006C7400005349474650453A204172697444
:10142000686D6574696320657863657074696F6E53
:101430003A20000008B569468DF800000320ABBED5
:1014400008BD2DE9F04F09AC94E8F010DDE90E89F4
:101450004FF0000A05E011F80AB000F80AB00AF1EE
:10146000010ABAF1030F04DA11F80AB0BBF1000F58
:10147000F1D190F803B062F3020B80F803B090F85A
:1014800003B02BF0380B0BF1200B80F803B0B0F851
:1014900003B063F3891BA0F803B090F804B064F3C1
:1014A000850B80F804B0B0F804B066F38E1BA0F88A
:1014B00004B0B0F805B067F3CF1BA0F805B0B0F8E2
:1014C00007B065F3090BA0F807B0B0F808B06CF3EB
:1014D0008C0BA0F808B0B0F809B068F34F1BA0F867
:1014E00009B0B0F80BB06FF3090BA0F80BB0B0F86F
:1014F0000CB069F38C0BA0F80CB0B0F80DE0DDF87F
:1015000040B06BF34F1EA0F80DE0BDE8F08F000077
:1015100010B501221021024802F0ACFA10BD000003
:101520000000024010B500221021024802F0A2FA89
:1015300010BD00000000024010B501221146024813
:1015400002F098FA10BD00000004024010B500221D
:101550000121024802F08EFA10BD00000004024092
:1015600010B50446FFF7DEFF922000F0A3F9062233
:101570009549122000F07EF9FFF7CAFF92484078A3
:10158000000200B290490978084390490880084653
:10159000B0F9000000EE100AB8EEC00A8C48D0ED99
:1015A000000A20EE200AD4ED080A20EE200A84ED7D
:1015B000000A8548C078000200B283498978084350
:1015C000824908800846B0F9000000EE100AB8EE23
:1015D000C00A7F48D0ED000A20EE200AD4ED080AA8
:1015E00020EE200A84ED010A77484079000200B21B
:1015F000754909790843754908800846B0F9000023
:1016000000EE100AB8EEC00A7148D0ED000A20EED4
:10161000200AD4ED080A20EE200A84ED020AFFF722
:1016200095FF08226849002000F024F9FFF784FFA5
:10163000654800780F284FD166480078F0B36248BB
:10164000C078000200B26049897808435F49088089
:1016500094ED090A0846B0F9000000EE900AF8EE91
:10166000E00A5D4890ED001A10EE810A84ED030A4D
:1016700055484079000200B253490979084353495B
:10168000088094ED0A0A0846B0F9000000EE900ABE
:10169000F8EEE00A504890ED001A10EE810A84ED51
:1016A000040A4948C079000200B2474989790843D1
:1016B0004649088094ED0B0A084600E00DE0B0F9B9
:1016C000000000EE900AF8EEE00A434890ED001AA0
:1016D00010EE810A84ED050A44E03B48C078000220
:1016E00000B2394989780843384908800846B0F97A
:1016F000000000EE100AB8EEC00A3748D0ED000A2C
:1017000020EE200A84ED030A2F484079000200B23F
:101710002D49097908432D4908800846B0F9000091
:1017200000EE100AB8EEC00A2B48D0ED000A20EEF9
:10173000200A84ED040A2448C079000200B222493C
:1017400089790843214908800846B0F9000000EE75
:10175000100AB8EEC00A2048D0ED000A20EE200A98
:1017600084ED050AFFF7DEFEA22000F0A3F80222B6
:101770001549222000F07EF8FFF7CAFE12480078D3
:10178000C0001149497840EA6110104908800846B4
:10179000B0F90000B0F5806F05DB08460088A0F5C1
:1017A000006000B208800948B0F9000000EE100A9D
:1017B000F8EEC00AB4EE001AB3EE070A00EE810A92
:1017C00084ED070A10BD00004A04002052040020E6
:1017D0000C0400201C0400201004002070B50446F6
:1017E0000D461C48046000201B4908700CF0F6FEF2
:1017F000194909780843184908700CF0A5FF1649E3
:1018000009780843144908701DB1144800F03EF9E6
:101810001CE09FED130A114880ED090A9FED110AA3
:1018200080ED0A0A9FED0F0A80ED0B0A9FED0E0A6C
:1018300080ED0C0A90ED0C0ADFED0C0A80EE801AA8
:1018400080ED081A9FED0A0A80ED060A024800782A
:1018500070BD0000540400201604002044880020BD
:10186000AC38223BB016CE393F161B41C3F51C41A4
:101870000000204270B506460C46154646F0800032
:1018800000F018F806E0552000F014F82070641CF1
:10189000681EC5B2002DF6D170BD70B504460D4668
:1018A00044F0800000F006F8552000F003F828709E
:1018B00070BD000001B582B04FF47A70012301AA17
:1018C00002A900900348006803F016F99DF804008F
:1018D0000EBD00005404002070B505460C46284695
:1018E000FFF7E8FF2046FFF7E5FF70BDD2ED020AE3
:1018F00092ED021AB6EE000A00EEC10AD2ED030A1A
:1019000092ED031A00EEC10AD0ED000A20EE200A83
:10191000D2ED010A92ED021A60EE810A92ED001AF0
:10192000D2ED031A41EE610A90ED011A00EE810A30
:10193000D2ED010A92ED031A60EE810A92ED001ACF
:10194000D2ED021A41EE210A90ED021A00EE810A50
:10195000F0EE000A20EE200A81ED000A92ED010A65
:10196000D2ED020A20EE200AD2ED000A92ED031A0F
:1019700000EE810AD0ED000A60EE200A92ED011A15
:10198000D2ED011AB6EE000A01EE610AD2ED031A99
:1019900092ED032AB0EE401A01EEC21AD0ED011A00
:1019A000B0EE600A01EE210AD2ED020A92ED031AAE
:1019B00060EE810A92ED001AD2ED011A41EE610A41
:1019C00090ED021A00EE810AF0EE000A20EE200AE5
:1019D00081ED010A92ED010AD2ED030A20EE200A00
:1019E000D2ED000A92ED021A00EEC10AD0ED000A13
:1019F00020EE200AD2ED020A92ED031A60EE810A6F
:101A000092ED001AD2ED011A41EE210A90ED011A71
:101A100000EE810A92ED011AD2ED011AF6EE000AEB
:101A200041EE610A92ED021AD2ED021A41EE610A0C
:101A300090ED021A00EE810AF0EE000A20EE200A74
:101A400081ED020A704700BFFEE7000010B50248B2
:101A500001F093F810BD0000DC09002010B5024829
:101A600001F08BF810BD0000DC09002010B5024821
:101A700001F083F810BD0000040A002010B50248F0
:101A800001F07BF810BD0000040A002070B52DEDB8
:101A9000048B88B0044600200690079000F01AFCE2
:101AA000FE4880ED000A00BF00F014FCFB48D0EDBA
:101AB000000A30EE600AF2EE040AB4EEE00AF1EE3B
:101AC00010FA14DD9FEDF60A84ED090A9FEDF50A80
:101AD00084ED0A0A9FEDF30A84ED0B0A9FEDF20AEA
:101AE00084ED0C0A9FEDF10A84ED060A55E29FEDA4
:101AF000F00A00F0ABFB9FEDEF0A84ED0C0A9FEDBE
:101B0000ED0A84ED090A9FEDEB0A84ED0A0A9FEDC8
:101B1000E90A84ED0B0A002673E1FFF703FD92202A
:101B2000FFF7C8FE062206A91220FFF7A3FEFFF763
:101B3000EFFC9DF81900000200B29DF8181040EA71
:101B4000010500EE105AB8EEC00ADB48D0ED000ADD
:101B500020EE200A84ED000A9DF81B00000200B26E
:101B60009DF81A1040EA010500EE105AB8EEC00ABE
:101B7000D148D0ED000A20EE200A84ED010A9DF83C
:101B80001D00000200B29DF81C1040EA010500EEA5
:101B9000105AB8EEC00AC848D0ED000A20EE200A5C
:101BA00084ED020AD4ED000A60EEA00A94ED011A59
:101BB000D4ED011A41EE210A94ED021AD4ED021A75
:101BC00041EE210AB0EE600A0BF0E7FFB0EE408A6A
:101BD00094ED0C0A30EE080A84ED0C0AFFF7B6FC0F
:101BE000082206A90020FFF745FEFFF7A5FC9DF897
:101BF00018000F2850D19DF81B00000200B29DF87C
:101C00001A1040EA010500EE105AB8EEC00AAB48BF
:101C1000D0ED000A20EE200A84ED030A94ED090AB3
:101C2000D4ED030A30EE200A84ED090A9DF81D0068
:101C3000000200B29DF81C1040EA010500EE105AA7
:101C4000B8EEC00A9D48D0ED000A20EE200A84EDCF
:101C5000040A94ED0A0AD4ED040A30EE200A84ED59
:101C60000A0A9DF81F00000200B29DF81E1040EA0B
:101C7000010500EE105AB8EEC00A9048D0ED000AF7
:101C800020EE200A84ED050A94ED0B0AD4ED050A36
:101C900030EE200A84ED0B0A06BBF0EE488AB0EE67
:101CA000489A002017E004F10C0101EB800191ED4E
:101CB000000A03A901EB800181ED000A04F10C0187
:101CC00001EB800191ED000A694601EB800181ED95
:101CD000000A411CC8B20328E5DB49E0B4EEE88AFB
:101CE000F1EE10FA01DDF0EE488AB4EEC98AF1EEA9
:101CF00010FA01D2B0EE489A002037E004F10C014E
:101D000001EB800191ED000A03A901EB8001D1ED07
:101D1000000AB4EEE00AF1EE10FA0ADD04F10C015B
:101D200001EB800191ED000A03A901EB800181ED37
:101D3000000A04F10C0101EB800191ED000A6946F3
:101D400001EB8001D1ED000AB4EEE00AF1EE10FAE9
:101D50000AD204F10C0101EB800191ED000A694601
:101D600001EB800181ED000A411CC8B20328C5DBEC
:101D700038EEC90A524880ED000A002012E003A99B
:101D800001EB800191ED000A694601EB8001D1ED84
:101D9000000A30EE600A4B4901EB800181ED000A38
:101DA000411CC8B20328EADB454890ED000AF6EE74
:101DB000000AB4EEE00AF1EE10FA1BDC414890EDA7
:101DC000000ADFED410AB4EEE00AF1EE10FA11DC90
:101DD00090ED010ADFED3C0AB4EEE00AF1EE10FAF4
:101DE00008DC90ED020ADFED380AB4EEE00AF1EE0D
:101DF00010FA00DD0AE09FED350A00F027FA701CAA
:101E000086B2334800888642FFF687AE00BFD4ED25
:101E10000C0A2F48008800EE100AB8EE400A80EE47
:101E2000801A84ED0C1A002015E004F1240101EB66
:101E30008001D1ED000A2649098800EE101AB8EE9B
:101E4000400A80EE801A04F1240101EB800181ED4B
:101E5000001A411CC8B20328E7DBFFF763FBA2208E
:101E6000FFF728FD022206A92220FFF703FDFFF756
:101E70004FFB9DF81800C0009DF8191040EA61154D
:101E8000B5F5806F02DBA5F5006005B200EE105AD3
:101E9000F8EEC00AB4EE001A1CE000004404002072
:101EA000AC38223BB016CE393F161B410000204211
:101EB0000AD7A33B000000000C04002010040020FF
:101EC00018040020388800209A99193E6F12033AAE
:101ED00048040020B3EE070A00EE810A84ED060AEA
:101EE00034480088401C00B232490880324890EDE6
:101EF000000AF6EE000AB4EEE00AF1EE10FA3FF73F
:101F0000D3AD94ED0C0ADFED2D0A30EE600AB0EE91
:101F1000C00AF6EE000AB4EEE00AF1EE10FAEEDCCA
:101F2000274890ED000A5FED180AB4EEE00AF1EEE2
:101F300010FAE4DC90ED010A5FED1D0AB4EEE00A50
:101F4000F1EE10FADBDC90ED020A5FED210AB4EE4F
:101F5000E00AF1EE10FAD2DC94ED090AB0EEC00A04
:101F6000DFED180AB4EEE00AF1EE10FAC7DC94EDEA
:101F70000A0AB0EEC00ADFED130AB4EEE00AF1EE91
:101F800010FABCDC94ED0B0AB0EEC00ADFED0D0ACE
:101F9000B4EEE00AF1EE10FAB1DC00BF94ED0C0AE9
:101FA000DFED090A80EE801A84ED081A08B0BDEC56
:101FB000048B70BD1E04002018040020CDCC1C41F1
:101FC000388800200AD7233CC3F51C412DE9F04F87
:101FD000DDE90DC8DDF83C9009ADE0CD0C9C4FF07B
:101FE000000A05E011F80AB000F80AB00AF1010A87
:101FF000BAF1030F04DA11F80AB0BBF1000FF1D106
:1020000090F803B02BF0380B0BF1380B80F803B0CD
:1020100090F803B062F3020B80F803B0B0F803B09D
:1020200063F3891BA0F803B090F804B065F3850B47
:1020300080F804B0B0F807B066F3090BA0F807B059
:10204000B0F808B06CF38C0BA0F808B0B0F809B089
:1020500068F34F1BA0F809B0B0F804B067F38E1B0B
:10206000A0F804B0B0F805B064F3CF1BA0F805B039
:102070004FF0000A09E099F800B000F10F0E0EF8D9
:102080000AB009F101090AF1010AA245F3D3BDE83A
:10209000F08F10B500BF01200EF030FEFBE700000E
:1020A00010B5024801F0E8F910BD0000440D002011
:1020B00010B5024801F0E0F910BD0000A40A0020AC
:1020C00010B5024801F0D8F910BD0000A40D0020A1
:1020D00010B5024801F0D0F910BD0000840C0020BA
:1020E00010B5024801F0C8F910BD0000040B002033
:1020F00010B5024801F0C0F910BD0000040E002028
:1021000010B5024801F0B8F910BD0000E40C002041
:102110000146087810381823B0FBF3F20848805CB9
:10212000C865032A05D908686FF30900001D886592
:1021300003E008686FF309008865886D7047000048
:10214000C4470108014600208A6A8B69CBB932B1C5
:10215000012A0DD0022A03D0032A10D10EE000BFBD
:10216000CB6A03F08073B3F1807F00D1012007E0D8
:10217000CB6AB3F1C07F00D1012001E000E000BFD5
:1021800034E08B69B3F5005F1AD132B1012A07D070
:10219000022A03D0032A11D10AE000BF01200EE079
:1021A000CB6A03F08073B3F1807F00D1012006E099
:1021B000CB6AB3F1C07F00D1012000E000BF15E081
:1021C00032B1012A05D0022A04D0032A0CD103E03F
:1021D00000BF00BF012008E0CB6A03F08073B3F1B9
:1021E000807F00D1012000E000BF00BF704730B504
:1021F0000468246824F4802405682C600468636003
:102200008468402C04D10468A2600468E16003E0A3
:102210000468A1600468E26030BD000008B50848A9
:1022200040680090074900980968884204D206482F
:102230000068401C0449086002490098086008BD15
:10224000001000E0800400207C0400200C49486855
:10225000F0EE400A00BF0A494968091A01EE101A57
:10226000F8EE411A074991ED001AB8EE411A20EE36
:10227000811AF4EEC11AF1EE10FAECD370470000A7
:10228000001000E07004002010B52DED028B82B02C
:1022900004460E484068019020680199081A00EE33
:1022A000100AF8EE400A0A4890ED000AB8EE400A1B
:1022B00080EE801AB0EE418A01982060FFF7AEFFF1
:1022C000B0EE480A02B0BDEC028B10BD001000E079
:1022D0007004002010B52DED028B00F05FF80F4860
:1022E00090ED000AB8EE400A808800EE900AF8EE01
:1022F000600A9FED0B1A00EE810A0848C08800EEC4
:10230000900AF8EE600A9FED071A00EE810AB0EE1F
:10231000408AB0EE480ABDEC028B10BD6804002074
:102320006F12833ABD37863514490968491C134A30
:1023300011601349096841F08071114A1160002150
:10234000104A51601146096841F0010111600E49BF
:1023500041430E4A1160114609684FF47A72B1FB8D
:10236000F2F10B4A116009490968074AB1FBF2F121
:10237000084A11600021084A11607047900400204B
:10238000FCED00E0001000E040420F00700400206F
:1023900074040020780400207C04002038B529480B
:1023A00040680090FFF73AFF274800684FF0FF3180
:1023B000A0FB01310098181841F10001234A03C223
:1023C000234800232149026803C9FEF779FD214A09
:1023D00003C220480CC81E4800680024A2FB001558
:1023E00003FB005002FB04021848D0E90030591AE0
:1023F00060EB0200184AC2E900101648006817494D
:102400000860174800231449026803C9FEF758FD05
:1024100012498880084680881149096841430E485E
:10242000D0E90030591A60F100000E4AC2E90010EC
:102430000D4800230B49026803C9FEF741FD074917
:10244000C88038BD001000E07C0400208804002013
:102450007004002098040020A004002068040020DC
:1024600074040020A804002078040020704710B5F0
:10247000082001F0F7F910BD10B5102001F0F2F9B5
:1024800010BD10B5202001F0EDF910BDD2ED020A0B
:1024900092ED021AB6EE000A00EEC10AD2ED030A6E
:1024A00092ED031A00EEC10AD0ED000A20EE200AD8
:1024B000D2ED010A92ED021A60EE810A92ED001A45
:1024C000D2ED031A41EE210A90ED011A00EE810AC5
:1024D000D2ED010A92ED031A60EE810A92ED001A24
:1024E000D2ED021A41EE610A90ED021A00EE810A65
:1024F000F0EE000A20EE200A81ED000A92ED010ABA
:10250000D2ED020A20EE200AD2ED000A92ED031A63
:1025100000EEC10AD0ED000A60EE200A92ED011A29
:10252000D2ED011AB6EE000A01EE610AD2ED031AED
:1025300092ED032AB0EE401A01EEC21AD0ED011A54
:10254000B0EE600A01EE210AD2ED020A92ED031A02
:1025500060EE810A92ED001AD2ED011A41EE210AD5
:1025600090ED021A00EE810AF0EE000A20EE200A39
:1025700081ED010A92ED010AD2ED030A20EE200A54
:10258000D2ED000A92ED021A00EE810AD0ED000AA7
:1025900020EE200AD2ED020A92ED031A60EE810AC3
:1025A00092ED001AD2ED011A41EE610A90ED011A86
:1025B00000EE810A92ED011AD2ED011AF6EE000A40
:1025C00041EE610A92ED021AD2ED021A41EE610A61
:1025D00090ED021A00EE810AF0EE000A20EE200AC9
:1025E00081ED020A704772B600BFFEE710B59FED9D
:1025F000072ADFED061A9FED051ADFED040A9FEDAD
:10260000030A022102480DF051F810BD000000003D
:10261000DC0900202DE9F0470C4608AD95E8E010F4
:10262000DDE90C89002104E014F801A000F801A004
:10263000491C032904DA14F801A0BAF1000FF3D100
:1026400090F803A062F3020A80F803A090F803A0B8
:102650002AF0380A0AF1280A80F803A0B0F803A08B
:1026600063F3891AA0F803A090F804A065F3850A23
:1026700080F804A0B0F804A066F38E1AA0F804A0B5
:10268000B0F805A067F3CF1AA0F805A0B0F807A02E
:102690006CF3090AA0F807A0B0F808A068F38C0A48
:1026A000A0F808A0B0F809A069F34F1AA0F809A093
:1026B000DFED050A60EE200AFDEEE00A10EE90AABA
:1026C000C0F80BA0BDE8F08700007A4410B52DEDEE
:1026D000028BB0EE408AF0EE608AF5EEC08AF1EE31
:1026E00010FA0ADD144890ED000A38EE400AC0EEF8
:1026F000280A1248C0ED000A04E09FED110A0F48B5
:1027000080ED000A0C4890ED000A38EE400A0D48B2
:1027100080ED000A094890ED000A0B4804F072FFB2
:102720000A4880ED000A044880ED008A074890EDD1
:10273000000ABDEC028B10BDB8060020C0060020C8
:1027400000000000C4060020B4980020BC06002051
:1027500010B5024692F82030012B01D0022B06D191
:1027600010684069084314686061002010BD506A19
:1027700040F4802050620120F8E7F0B504460D4691
:102780001E4694F8207020688368A86800B900E0AD
:1027900000BF012F01D0022F7DD103F0806030B93E
:1027A00003F0006018B903F0805000287ED0C3F316
:1027B0000161012088403060A86860B9B5F800C0A8
:1027C000E86840EA4C5C206800F5C07000EB01103E
:1027D000C0F800C00FE0D5E901C040EACC00D5F850
:1027E0000CC040EA0C00D4F800C00CF5C07C0CEB27
:1027F000011CCCF80000D5F810C0206800F5C070AE
:1028000000EB0110C0F804C0287D01280ED120681B
:1028100000F5C07000EB0110406840F4807C206837
:1028200000F5C07000EB0110C0F804C0D0790006BC
:1028300092F806C040EA0C4092F805C040EA0C202D
:1028400092F804C040EA0C00D4F800C00CF5C07C3B
:102850000CEB011CCCF80C00D078000692F802C0FA
:1028600040EA0C4092F801C040EA0C2092F800C007
:1028700040EA0C00D4F800C00CF5C07C0CEB011C45
:10288000CCF80800206800F5C07000EB011000686B
:1028900040F0010C01E00FE008E0206800F5C07096
:1028A00000EB0110C0F800C00020F0BD606A40F4E9
:1028B000001060620120F8E7606A40F480206062E6
:1028C0000120F2E7F0B504460A4694F82050012DA5
:1028D00001D0022D7ED1424901F50071086840F017
:1028E00001000860086820F47C5008600868566A97
:1028F00040EA06200860107D00F01F06012000FA63
:1029000006F3C8699843C861A1F50071D069C8B9D8
:10291000D1F80C029843C1F80C02908880B29689D5
:1029200040EA064601F51070576940F83760108894
:1029300080B2168940EA064601F51070576900EB2F
:10294000C7004660D069012819D1D1F80C0218439C
:10295000C1F80C02908880B2168840EA064601F55C
:102960001070576940F83760908980B2168940EA44
:10297000064601F51070576900EBC7004660906984
:1029800028B9D1F804029843C1F8040204E0D1F850
:1029900004021843C1F80402106928B9D1F81402DE
:1029A0009843C1F8140204E0D1F814021843C1F8A6
:1029B0001402106A012804D1D1F81C021843C1F88E
:1029C0001C02D1F8000220F00100C1F80002002032
:1029D000F0BDFFE7606A40F4802060620120F7E705
:1029E00000640040704770B5044694F82050012DF3
:1029F00001D0022D7DD151B92068C06800F00300DC
:102A000080B9606A40F400106062012070BD2068E7
:102A1000006900F0030028B9606A40F400106062A9
:102A20000120F3E7206800F5D87000EB0110006882
:102A300000F004009060906840B9206800F5D870FC
:102A400000EB01100068400D106007E0206800F501
:102A5000D87000EB01100068C0085060206800F5D5
:102A6000D87000EB0110006800F00200D060206810
:102A700000F5D87000EB0110406800F00F00082846
:102A800002D30820106108E0206800F5D87000EB40
:102A90000110406800F00F001061206800F5D87048
:102AA00000EB0110406800F47F40000A906120684C
:102AB00000F5D87000EB01104068000C50612068F0
:102AC00000F5D87000EB011080681870206800F5E0
:102AD000D87000EB0110806800F47F40000A587045
:102AE000206800F5D87000EB0110806800F47F00CA
:102AF00000E03CE0000C9870206800F5D87000EB16
:102B000001108068000ED870206800F5D87000EBC6
:102B10000110C0681871206800F5D87000EB011032
:102B2000C06800F47F40000A5871206800F5D87032
:102B300000EB0110C06800F47F00000C9871206861
:102B400000F5D87000EB0110C068000ED87131B9E3
:102B50002068C06840F020002668F06005E020682A
:102B6000006940F020002668306100204EE7606A6E
:102B700040F480206062012048E72DE9F05F0446C0
:102B80000025206846692068D0F80490206887688E
:102B90002068D0F80CA02068D0F810B02068D0F8D9
:102BA000188006F00100002855D007F00100C0B1E0
:102BB00001202168886007F0020018B1204600F06B
:102BC000E8FB0EE007F0040010B145F4006508E0F2
:102BD00007F0080010B145F4805502E0204600F0EF
:102BE000D7FB07F48070C8B14FF48070216888600B
:102BF00007F4007018B1204600F0CDFB0EE007F49A
:102C0000806010B145F4005508E007F4006010B191
:102C100045F4804502E0204600F0BCFB07F480301C
:102C2000C8B14FF480302168886007F4003018B1D3
:102C3000204600F0B2FB0EE007F4802010B145F40E
:102C4000004508E007F4002010B145F4803502E0AB
:102C5000204600F0A1FB06F0080038B10AF0100091
:102C600020B145F4007510202168C86006F004000A
:102C700040B10AF0080028B108202168C860204649
:102C800000F01CFA06F0020038B12068C06800F0BD
:102C9000030010B1204600F013FA06F0400038B1EE
:102CA0000BF0100020B145F4806510202168086108
:102CB00006F0200040B10BF0080028B10820216880
:102CC0000861204600F00CFB06F0100038B12068C7
:102CD000006900F0030010B1204600F003FB06F489
:102CE000003040B109F0100028B110202168486080
:102CF000204600F01DFB06F4803040B109F00800CA
:102D000028B1082021684860204600F047FB06F4FF
:102D1000004088B309F0040078B306F4807020B155
:102D200008F0010008B145F0010506F4007020B17B
:102D300008F0020008B145F0020506F4806020B1F9
:102D400008F0040008B145F0040506F40060A0B1E5
:102D500008F0700088B108F07000402817D006DC39
:102D600010280BD020280CD0302819D10CE0502886
:102D700010D0602814D110E01DE019E045F00805DE
:102D80000FE045F010050CE045F0200509E045F0A6
:102D9000400506E045F0800503E045F4807500E05D
:102DA00000BF00BF2068806920F070002168886142
:102DB0000420216848602DB1606A28436062204683
:102DC000FFF710FEBDE8F09F70B504460CB9012076
:102DD00070BD94F8200010B9204600F0AFF82068CC
:102DE000006840F001002168086000F049FE0546D7
:102DF0000DE000F045FE401B0A2808D9606A40F447
:102E000000306062052084F820000120E0E720689F
:102E1000406800F001000028EBD02068006820F036
:102E200002002168086000F02BFE05460DE000F06E
:102E300027FE401B0A2808D9606A40F4003060620F
:102E4000052084F820000120C2E72068406800F0D7
:102E500002000028EBD1207E012806D120680068FE
:102E600040F080002168086005E02068006820F0DC
:102E7000800021680860607E012806D12068006813
:102E800040F040002168086005E02068006820F0FC
:102E9000400021680860A07E012806D120680068F3
:102EA00040F020002168086005E02068006820F0FC
:102EB000200021680860E07E012806D120680068B3
:102EC00020F010002168086005E02068006840F0EC
:102ED000100021680860207F012806D12068006862
:102EE00040F008002168086005E02068006820F0D4
:102EF000080021680860607F012806D1206800680A
:102F000040F004002168086005E02068006820F0B7
:102F1000040021680860D4E90201084321690843DC
:102F2000616908436168491E08432168C86100203F
:102F30006062012084F82000002049E710B586B0C7
:102F40000446142101A8FEF7D3F8564920688842A8
:102F500049D155480068401C53490860084600683C
:102F600001280FD100BF002000905048006840F0B9
:102F700000704E4908600846006800F0007000903C
:102F800000BF00BF00BF0020009048481038006814
:102F900040F008004549103908600846006800F014
:102FA0000800009000BF00BF0320019002200290A3
:102FB00000200390032004900920059001A93C48BB
:102FC00000F05EFC00220521132000F021FE1320FA
:102FD00000F00AFE00220521142000F019FE142042
:102FE00000F002FE5CE033492068884258D100BFFF
:102FF000002000902D48006840F080602B49086058
:103000000846006800F08060009000BF00BF2648BE
:103010000068401C244908600846006801280FD158
:1030200000BF002000902148006840F000701F4958
:1030300008600846006800F00070009000BF00BF04
:1030400000BF0020009019481038006840F00200CE
:103050001649103908600846006800F00200009028
:1030600000BF00BF6020019002200290002003906A
:10307000032004900920059001A90F4800F000FCEE
:10308000002205213F2000F0C3FD3F2000F0ACFDF1
:1030900000220521412000F0BBFD412000F0A4FDED
:1030A00006B010BD006400402800002040380240F7
:1030B000000C02400068004000040240704700001D
:1030C00010B58AB0044601AB03AA00212046FFF7E1
:1030D0008AFC40F203220398811A90423FD007DC19
:1030E000012871D0A0F2012048B101286DD11FE064
:1030F000012950D00E2969D00F29F7D167E06C481B
:10310000026C006C401C6A490864322A05D801A987
:10311000674824300DF02CF804E001A964482430FD
:103120000CF02AFC63480068401C62490860BBE060
:103130005F48C169C069401C5D4AD061322904D82A
:1031400001A910460DF014F803E001A958480CF04D
:1031500013FC59480068401C57490860A4E05448D3
:10316000D0F88820D0F88800401C5149C1F8880068
:10317000322A05D801A94E486C300CF0F9FF04E062
:1031800001A94B486C300CF0F7FB4C480068401C20
:103190004A49086088E04648426E406E401C4449F7
:1031A0004866322A05D801A9414848300CF0E0FFB2
:1031B00004E001A93E4848300CF0DEFB40480068BE
:1031C000401C3F4908606FE034E06CE037E03D4868
:1031D0000068401C3B4908609DF804009DF80510FC
:1031E00040EA012000EE100AB8EEC00ADFED360A10
:1031F00080EE201A354880ED001A9DF806009DF8F3
:10320000071040EA012000EE100AB8EEC00ADFED18
:103210002E0A80EE201A2E4880ED001A2B4890EDE1
:10322000000A2B48D0ED000A20EE200A294880ED44
:10323000000A39E001A928480CF0C4FA34E09DF8EE
:1032400005009DF8041040EA012000EE100AB8EED7
:10325000C00AF2EE040A80EE201A204880ED031A1C
:103260009DF806001D4948709DF8070088709DF87C
:103270000800C8709DF8090008719DF80B009DF8C2
:103280000A1040EA012000B200EE100AB8EEC00AAF
:10329000F2EE040A80EE201A104880ED021AC0787F
:1032A00000B101E000BF00BF00BF0AB010BD0000C8
:1032B000B4880020C4040020C8040020CC040020EE
:1032C000D0040020C00400200000C842B004002048
:1032D000B4040020B8040020788800209C880020D6
:1032E0007047000010B58AB0044601AB03AA012163
:1032F0002046FFF778FB0398A0F2052088B90B4819
:10330000C169C069401C094AD061322904D801A9A9
:1033100010460CF02DFF03E001A904480CF02CFB33
:1033200000E000BF00BF0AB010BD000044890020CB
:10333000704770B5044694F82000012822D102207D
:1033400084F820002068006820F0010021680860EF
:1033500000F096FB05460DE000F092FB401B0A28AA
:1033600008D9606A40F400306062052084F82000CB
:10337000012070BD2068406800F001000028EBD1FA
:103380006062F6E7606A40F4002060620120F0E7C6
:10339000704770477047704770477047704770B507
:1033A0000446A56D00F06CFB064694F83500022833
:1033B00008D08020606500BF002084F8340000BF82
:1033C000012070BD2068006820F0160021680860A8
:1033D0002068406920F0800021684861206C08B9AD
:1033E000A06C28B12068006820F0080021680860FF
:1033F0002068006820F001002168086010E000F0FB
:103400003FFB801B05280BD920206065032084F832
:10341000350000BF002084F8340000BF0320D0E74F
:103420002068006800F001000028E8D194F85C10E2
:103430003F208840A860012084F8350000BF0020AC
:1034400084F8340000BF00BFBBE7014691F83500A7
:10345000022803D08020486501207047052081F8AC
:1034600035000868006820F001000A68106000203C
:10347000F3E70146486D7047F8B504460020009018
:103480008C4800684FF41651B0FBF1F7A56D2E681B
:1034900094F85C1008208840304098B1206800689B
:1034A00000F0040070B12068006820F0040021687A
:1034B000086094F85C1008208840A860606D40F0B7
:1034C0000100606594F85C1001208840304068B1CC
:1034D0002068406900F0800040B194F85C10012041
:1034E0008840A860606D40F00200606594F85C1050
:1034F00004208840304068B12068006800F0020075
:1035000040B194F85C1004208840A860606D40F0E1
:103510000400606594F85C1010208840304078B357
:103520002068006800F0080050B394F85C10102088
:103530008840A8602068006800F4802080B120687E
:10354000006800F4002028B9206CC8B12046216C26
:10355000884715E0A06C98B12046A16C88470FE021
:103560002068006800F4807028B92068006820F0A6
:10357000080021680860206C10B12046216C884743
:1035800094F85C10202088403040002865D02068E6
:10359000006800F0100000285FD094F85C10202034
:1035A0008840A86094F83500052828D12068006874
:1035B00020F01600216808602068406920F0800033
:1035C00021684861206C08B9A06C28B120680068A7
:1035D00020F008002168086094F85C103F208840C3
:1035E000A860012084F8350000BF002084F8340072
:1035F00000BF206D10B12046216D8847F8BD2068BE
:10360000006800F4802080B12068006800F4002089
:1036100028B9606C10B12046616C88471DE0E06BF2
:10362000D8B12046E16B884717E02068006800F4B5
:10363000807068B92068006820F010002168086078
:10364000012084F8350000BF002084F8340000BF5A
:10365000E06B10B12046E16B8847606D38B3606D58
:1036600000F00100F0B1052084F835002068006802
:1036700020F001002168086000BF0098401C009005
:10368000B84200D905E02068006800F00100002879
:10369000F3D100BF012084F8350000BF002084F87A
:1036A000340000BFE06C10B12046E16C884700BFD9
:1036B000A4E70000400000202DE9F0410446002569
:1036C00000F0DEF9074614B90120BDE8F081606A18
:1036D00000B100BF022084F8350000BF002084F84C
:1036E000340000BF2068006820F0010021680860F5
:1036F0000AE000F0C5F9C01B052805D92020606547
:10370000032084F83500E0E72068006800F001003D
:103710000028EED12068056821480540D4E9010160
:103720000843E16808432169084361690843A169C6
:103730000843E1690843216A08430543606A042895
:1037400003D1D4E90B0108430543206805602068D4
:10375000456925F00705606A0543606A04280DD1B4
:10376000A06A0543E06A48B12046FEF7EBFC28B1A9
:1037700040206065012084F83500A6E72068456197
:103780002046FEF7C5FC064694F85C103F208840B2
:10379000B06000206065012084F83500002094E7C7
:1037A0003F8010F02DE9F04704460D4616461F46AF
:1037B0004FF00008D4F8589000BF94F83400012866
:1037C00002D10220BDE8F087012084F8340000BF58
:1037D00094F83500012825D1022084F83500002016
:1037E00060653B46324629462046FEF700FD94F8C8
:1037F0005C103F208840C9F808002068006840F04D
:10380000160021680860206C28B12068006840F02C
:103810000800216808602068006840F00100216805
:10382000086006E000BF002084F8340000BF4FF0BD
:1038300002084046C6E7000070B5044600F020F9D3
:1038400006462546681C10B104480078054400BFB0
:1038500000F016F9801BA842FAD370BD3C0000208E
:103860007047000010B5044604480068204020B1AD
:10387000024804602046FFF7F3FF10BD143C0140EE
:10388000F8B502460B460025002400200021D6E0B2
:10389000012606FA01F51E6806EA0504AC4274D159
:1038A0001E7906F00306012E04D01E7906F00306E9
:1038B000022E13D190684F000326BE40B0434F0044
:1038C000DE68BE4030439060506801268E40B043B1
:1038D0001E79C6F300168E40304350601E7906F004
:1038E0000306032E09D0D0684F000326BE40B04324
:1038F0004F009E68BE403043D0601E7906F003063C
:10390000022E13D1CF0802F1200656F827004E07E9
:10391000F70E0F26BE40B0434F07FF0E1E69BE4094
:103920003043CF0802F1200646F8270010684F0008
:103930000326BE40B0431E7906F003064F00BE408A
:10394000304310605E6806F44036002E76D000BF2B
:10395000002600963C4E366846F480463A4F3E605C
:103960003E46366806F48046009600BF00BF374EDC
:103970008F0856F827008E07370F0F26BE40B0433A
:10398000334EB24202D1002624E057E0314EB2421B
:1039900001D101261EE0304EB24201D1022619E0CB
:1039A0002E4EB24201D1032614E02D4EB24201D177
:1039B00004260FE02B4EB24201D105260AE02A4E22
:1039C000B24201D1062605E0284EB24201D10726B7
:1039D00000E008268F073F0FBE4030431B4E8F0884
:1039E00046F82700224E3068A0435E6806F4801631
:1039F00006B120431E4E3060361D3068A0435E681D
:103A000006F4001606B12043194E361D3060184EDC
:103A1000361F3068A0435E6806F4003606B12043C6
:103A2000134E361F3060361F3068A0435E6806F4C0
:103A3000803606B120430E4E083E3060491C1029E6
:103A4000FFF426AFF8BD00004438024008380140BA
:103A5000000002400004024000080240000C024046
:103A6000001002400014024000180240001C0240F6
:103A7000083C01400AB1816101E00B048361704799
:103A800001480068704700003400002003480068C7
:103A90000349097808440149086070473400002050
:103AA0003C00002010B50D48006840F400700B4940
:103AB00008600846006840F48060086008460068B6
:103AC00040F480700860032000F0E0F80F2000F060
:103AD00007F800F05FF8002010BD0000003C024035
:103AE0002DE9F04188B004460027B84600BF002009
:103AF00001902448006840F001002249086008460F
:103B0000006800F00100019000BF00BF02A903A8F7
:103B100000F05EFB069F1FB900F082FB054602E045
:103B200000F07EFB45001848B5FBF0F0A0F101085D
:103B30004FF080401549086040F2E7311348C160FA
:103B4000C0F80480002101618160816101F0FAF810
:103B5000064696B90D4801F043F906466EB91C2099
:103B600000F042F8102C07D2002221461C2000F061
:103B70004FF80748046000E00126304608B0BDE871
:103B8000F08100004038024040420F0048130020FE
:103B90003800002008B500BF0020009011480068E0
:103BA00040F480400F4908600846006800F48040F7
:103BB000009000BF00BF00BF00200090081F0068F9
:103BC00040F08050091F08600846006800F08050EF
:103BD000009000BF00BF00220F21901E00F018F8D7
:103BE00008BD0000443802400146084600280DDBAD
:103BF00000BF00BF00F01F0301229A4043099B0051
:103C000003F1E023C3F8002100BF00BF00BF7047ED
:103C10002DE9F05F80460D461646002709F06AFB45
:103C2000074639462A46334601F00700C0F1070A25
:103C3000BAF1040F02D94FF0040A01E0C0F1070AFB
:103C4000D14600F1040ABAF1070F02D24FF0000A80
:103C500001E0A0F1030AD4464FF0010A0AFA09FA7A
:103C6000AAF1010A0AEA020A0AFA0CFA4FF0010B59
:103C70000BFA0CFBABF1010B0BEA030B4AEA0B044A
:103C80002146404609F03EFBBDE8F09F00BF00F032
:103C90000702064B19684FF6FF031940044B0B430C
:103CA00043EA0221014B196000BF70470CED00E0B0
:103CB0000000FA05F8B504460CB90120F8BD2668E5
:103CC00094F8950428B9002084F89404204600F064
:103CD000A1F8032084F89504B6F1A04F01D100218A
:103CE000A171206809F03EFA207C8DF8000094E86C
:103CF0000F0009F0B9F820B1022084F895040120E2
:103D0000DCE70021206809F08BFA20B1022084F85A
:103D100095040120D2E7002531E0012105EBC50221
:103D200004F1140000EB8200417005EBC50104F1C1
:103D3000140000F8215005EBC50100EB810045831C
:103D4000002105EBC50204F1140000EB82000171B3
:103D500005EBC50204F1140000EB8200816005EB65
:103D6000C50204F1140000EB8200C16005EBC5023E
:103D700004F1140000EB82000161681CC5B22079D7
:103D8000A842CADC00252AE0002105EBC50204F5A3
:103D9000157000EB8200417005EBC50104F515704C
:103DA00000F82150002105EBC50200EB82000171F3
:103DB00005EBC50204F5157000EB8200816005EB90
:103DC000C50204F5157000EB8200C16005EBC50269
:103DD00004F5157000EB82000161681CC5B2207902
:103DE000A842D1DC207C8DF8000094E80F0009F097
:103DF000C5F820B1022084F8950401205EE7002078
:103E00006074012084F89504206809F0A4F800206B
:103E100054E7000010B586B00446142101A8FDF750
:103E200067F92068B0F1A04F3AD100BF00200090A0
:103E30001C48006840F001001A4908600846006804
:103E400000F00100009000BF00BF4FF4C05001908F
:103E50000220029000200390032004900A20059085
:103E600001A91148FFF70CFD00BF0E48001D0068B6
:103E700040F080000B49091D086000BF0020009041
:103E800008481430006840F4804006491431086046
:103E90000846006800F48040009000BF00BF00BFEB
:103EA00006B010BD3038024000000240F8B50446AC
:103EB00000250026207800F0010020B9207800F0CD
:103EC000040004282FD100205B498866FFF7D8FD45
:103ED000054606E0FFF7D4FD401B022801D9032068
:103EE000F8BD56480068C0F3C0600028F2D1606891
:103EF0008101207A41EA0070504984310860012034
:103F00004D498866FFF7BCFD054606E0FFF7B8FDA2
:103F1000401B022801D90320E2E748480068C0F3AB
:103F2000C0600028F2D0207800F0020002287DD185
:103F300000BF0020009041484030006840F08050B1
:103F40003E49403108600846006800F0805000900B
:103F500000BF00BF3A48006840F4807038490860EC
:103F6000FFF78EFD054606E0FFF78AFD401B02289D
:103F700001D90320B4E73248006800F480700028BB
:103F8000F2D02E487030006800F440764EB3A0891D
:103F900000F44070B04224D028487030006820F40B
:103FA00040760120274908600020086023487030CF
:103FB0000660006800F0010098B1FFF761FD05465A
:103FC00008E0FFF75DFD401B41F28831884201D9CE
:103FD000032085E7194870300068C0F340000028CE
:103FE000EFD000BFA08900F44070B0F5407F0CD145
:103FF00012480830006820F4F810134AE1681140B4
:1040000008430E490831086007E00C480830006892
:1040100020F4F81009490831086008487030006839
:10402000A189C1F30B010843044900E002E07031AB
:10403000086000BF002053E70000474200380240FC
:1040400000700040400E4742FFFCFF0F70B5044671
:104050000D460CB9012070BD5848006800F00700FB
:10406000A84209D255490D700846006800F00700C3
:10407000A84201D00120EEE7207800F002000228DB
:104080001DD1207800F00400042805D14C480068B8
:1040900040F4E0504A490860207800F00800082801
:1040A00005D14748006840F46040454908604448ED
:1040B000006820F0F000A1680843414908602078BA
:1040C00000F00100A8B36068012807D13C48083817
:1040D0000068C0F34040B8B90120BCE7606802281E
:1040E00002D06068032807D1354808380068C0F35B
:1040F000406048B90120AEE7314808380068C0F395
:10410000400008B90120A6E72D48006820F0030010
:10411000616808432A490860FFF7B2FC064609E0D7
:10412000FFF7AEFC801B41F28831884202D90320A0
:1041300091E707E02248006800F00C006168B0EBEE
:10414000810FEDD11D48006800F00700A84209D991
:104150001A490D700846006800F00700A84201D017
:10416000012078E7207800F00400042807D11448E3
:10417000006820F4E050E1680843114908602078A5
:1041800000F00800082808D10D48006820F46040BD
:10419000216940EAC1000A49086000F061F8084955
:1041A0000968C1F30311074A515CC8400649086019
:1041B00006480068FFF794FC00204CE7003C0240F2
:1041C00008380240CC470108400000203800002099
:1041D0000F2202600D4A126802F0030242600B4A8D
:1041E000126802F0F0028260084A126802F4E0529B
:1041F000C260064A126802F46042D2080261044AB0
:10420000126802F007020A60704700000838024096
:10421000003C024001480068704700004000002058
:1042200000B5FFF7F7FF04490968C1F38221034A8B
:10423000515CC84000BD000008380240DC4701085E
:1042400000B5FFF7E7FF04490968C1F34231034AAB
:10425000515CC84000BD000008380240DC4701083E
:104260002DE9F047002400250026A14625480068D6
:1042700000F00C0020B1042805D008283AD105E050
:10428000DFF8849039E0DFF8849036E01D48001FA5
:10429000006800F03F041B48001F006800F4800025
:1042A00078B11A481749091F0968C1F38811A0FBA2
:1042B00001700146224600233846FCF701FE054600
:1042C0000EE011480F49091F0968C1F38811A0FBCE
:1042D00001700146224600233846FCF7F1FD0546F1
:1042E0000848001F0068C0F30140401C4600B5FBB1
:1042F000F6F902E0DFF8109000BF00BF4846BDE8C5
:10430000F0870000083802400024F400001BB700CA
:10431000F8B504460CB90120F8BD207800F0010082
:10432000002874D0F948006800F00C0004280DD073
:10433000F648006800F00C00082813D1F348001F6D
:10434000006800F48000B0F5800F0BD1EF4808380A
:104350000068C0F34040002859D06068002856D15A
:104360000120D9E700BF6068B0F5803F08D1E74879
:104370000838006840F48030E449083908601EE0DD
:104380006068B0F5A02F0DD1E0480838006840F40F
:104390008020DE49083908600846006840F4803013
:1043A00008600CE0D9480838006820F48030D7490C
:1043B000083908600846006820F48020086000BFC3
:1043C000606890B1FFF75CFB054606E0FFF758FB1D
:1043D000401B642801D903209EE7CC4808380068B8
:1043E000C0F340400028F1D011E0FFF749FB05463B
:1043F00006E0FFF745FB401B642801D903208BE74B
:10440000C24808380068C0F340400028F1D1207845
:1044100000F0020002285FD1BC48006800F00C00E8
:1044200058B1BA48006800F00C0008281CD1B74801
:10443000001F006800F48000B0B9B4480838006874
:10444000C0F3400020B1E068012801D0012063E7FB
:10445000AE480838006820F0F800216940EAC10041
:10446000AA490839086037E0E06800B30120A8498C
:104470000860FFF705FB054606E0FFF701FB401B60
:10448000022801D9032047E7A04808380068C0F394
:1044900040000028F1D09D480838006820F0F8005E
:1044A000216940EAC10099490839086014E00020F8
:1044B00097490860FFF7E4FA054606E0FFF7E0FADF
:1044C000401B022801D9032026E7904808380068DD
:1044D000C0F340000028F1D1207800F0080008283F
:1044E0002CD16069A8B101208A490860FFF7C8FA99
:1044F000054606E0FFF7C4FA401B022801D9032055
:104500000AE782486C300068C0F340000028F1D010
:1045100014E000207F490860FFF7B2FA054606E084
:10452000FFF7AEFA401B022801D90320F4E67748D2
:104530006C300068C0F340000028F1D1207800F012
:104540000400042870D1002770483830006800F05B
:10455000805090B900BF002000906C48383000684F
:1045600040F080506949383108600846006800F022
:104570008050009000BF00BF01276748006800F42A
:104580008070B0B96448006840F480706249086087
:10459000FFF776FA054606E0FFF772FA401B02289D
:1045A00001D90320B8E65C48006800F48070002858
:1045B000F2D000BFA068012808D1544868300068D4
:1045C00040F001005149683108601DE0A0680528ED
:1045D0000DD14E486830006840F004004B49683106
:1045E00008600846006840F0010008600CE0474899
:1045F0006830006820F001004449683108600846CE
:10460000006820F00400086000BFA068A8B1FFF7B0
:1046100037FA054609E0FFF733FA401B41F28831CB
:10462000884202D9032077E626E0384868300068DF
:10463000C0F340000028EED013E0FFF721FA054652
:1046400008E0FFF71DFA401B41F28831884201D98A
:10465000032061E62D4868300068C0F34000002860
:10466000EFD1012F07D129483830006820F0805061
:1046700026493831086000BFA069002845D023488A
:10468000006800F00C0008285DD0A069022845D120
:1046900000201F490866FFF7F3F9054606E0FFF71B
:1046A000EFF9401B022801D9032035E617480838E6
:1046B0000068C0F340600028F1D1D4E90701084345
:1046C000616A40EA81110122A06AC2EB500041EA0E
:1046D00000412C20005D41EA00600C49091F086080
:1046E00001200B490866FFF7CBF9054606E0FFF706
:1046F000C7F9401B022801D903200DE603480838FA
:104700000068C0F340600028F1D049E0083802405A
:1047100000004742800E47420070004000202149BF
:104720000866FFF7ADF9054606E0FFF7A9F9401B5B
:10473000022801D90320EFE51B480068C0F3406060
:104740000028F2D12CE0A069012800D1E4E5164848
:10475000001D0668A069012820D006F48001E069E8
:1047600081421BD106F03F01206A814216D147F6F3
:10477000C0703040616AB0EB811F0FD106F4403148
:104780000122A06AC2EB5000B1EB004F06D106F047
:1047900070612C20005DB1EB006F01D00120BBE502
:1047A0000020B9E5000047420038024070B50446D9
:1047B0000CB9012070BD607F20B900202077204611
:1047C00000F04EF8022060772068C068C0F3001047
:1047D00000283CD100BFCA202168486253202168CC
:1047E000486200BF204604F02FFE0546EDB9206860
:1047F00080681A4908402168886021696068084318
:1048000061690843216889680843216888602168D4
:10481000E068086120680169208941EA0040216858
:104820000861204604F035FE05465DB92068006C3D
:1048300020F48020216808642068006CA169084386
:104840002168086400BFFF202168486200E000255D
:104850000DB9012060772846ACE70000BFFF8FFF4D
:104860001FB5044600200090019002900390094972
:10487000206888420CD102200090074803906846C7
:10488000FFF714FB08B1FDF7AEFE012003490860F5
:104890001FBD00000028004000031E003C0E4742E0
:1048A00070B5044600250B482168C860FFF7E8F89A
:1048B000054607E0FFF7E4F8401BB0F57A7F01D921
:1048C000032070BD2068C06800F020000028F1D0EF
:1048D0000020F6E75F7F010010B504460CB9012007
:1048E00010BD606A38B96068B0F5827F00D105E01C
:1048F0000021E16102E00021216161610021A162EA
:1049000094F8510028B9002084F85000204600F0A7
:1049100047F8022084F851002068006820F0400029
:1049200021680860A08800F48270218901F40441A4
:104930000843A18901F400610843217C01F00201D0
:104940000843217D01F001010843218B01F400712E
:104950000843217F01F0380108432021095D01F05F
:1049600080010843218D01F400510843216808604B
:104970000421A06901EA104094F8241001F010010C
:104980000843216848602068C06920F400602168FD
:10499000C86100206065012084F8510000209FE775
:1049A00010B586B00446142101A8FCF7A1FB4B49C1
:1049B000206888427ED100BF0020009048480068EF
:1049C00040F48050464908600846006800F4805072
:1049D000009000BF00BF00BF002000904048143886
:1049E000006840F002003E4914390860084600683B
:1049F00000F00200009000BF00BF00BF0020009048
:104A00000846006840F0010008600846006800F0B1
:104A10000100009000BF00BF18200190022002900A
:104A200001200390032004900520059001A92D4842
:104A3000FEF726FF802001900220029001200390C3
:104A4000032004900520059001A92748FEF718FFD0
:104A50002648274908604FF0C0604860002124487C
:104A60008160C1604FF48061016100214161816119
:104A7000C1614FF44031016200214162FEF71CFE2A
:104A800008B1FDF7B0FD00BF1948E064846300BFC2
:104A900016484830174908604FF0C0604860402110
:104AA000144881600021C1604FF4806101610021E0
:104AB000416100E010E08161C1614FF400310162A9
:104AC00000214162FEF7F8FD08B1FDF78CFD00BF43
:104AD0000848A064846300BF06B010BD00300140E8
:104AE00044380240000402400000024010640240CA
:104AF000A40A0020040B00202DE9FE4F04460F46B7
:104B000090461D460C9E01200190FEF7B9FF81469C
:104B100094F851B060680290AA46BBF1010F0BD027
:104B20000298B0F5827F04D1A06810B9BBF1040FE0
:104B300002D00220BDE8FE8F1FB1B8F1000F00D0F7
:104B40000DB90120F6E700BF94F85000012801D10B
:104B50000220EFE7012084F8500000BF94F85100D4
:104B6000042802D0052084F8510000206065C4F8B4
:104B70003880E587A5872763E586A586206460647D
:104B80002068006800F04000402805D020680068D8
:104B900040F0400021680860E068B0F5006F52D135
:104BA000606810B1BAF1010F09D1206B008821684B
:104BB000C860206B801C2063E08E401EE0863BE0D6
:104BC0002068806800F00200022810D1E08E70B1E9
:104BD000019801280BD1206B00882168C860206BE8
:104BE000801C2063E08E401EE0860020019020683B
:104BF000806800F0010068B1E08F58B12068C0689B
:104C0000A16B0880A06B801CA063E08F401EE08732
:104C100001200190FEF734FFA0EB0900B0420BD356
:104C2000701C48B1012084F8510000BF002084F8B6
:104C3000500000BF03207DE7E08E0028C0D1E08F48
:104C40000028BDD152E0606810B1BAF1010F09D15E
:104C5000206B007821680873206B401C2063E08E75
:104C6000401EE0863CE02068806800F002000228D8
:104C700010D1E08E70B1019801280BD1206B007823
:104C800021680873206B401C2063E08E401EE08684
:104C9000002001902068806800F0010068B1E08F7A
:104CA00058B12068C068A16B0870A06B401CA0635D
:104CB000E08F401EE08701200190FEF7E1FEA0EBAF
:104CC0000900B04201D3701C00B94EB9012084F82C
:104CD000510000BF002084F8500000BF032029E7E6
:104CE000E08E0028BFD1E08F0028BCD14A46314673
:104CF000204604F06DFC40B12020606500BF00201C
:104D000084F8500000BF012014E7A06850B900BF2C
:104D1000002000902068C0680090206880680090A3
:104D200000BF00BF012084F8510000BF002084F8BC
:104D3000500000BF606D08B10120FBE60020F9E6DD
:104D40007047704710B504460CB9012010BD94F8A7
:104D50003D0028B9002084F83C00204600F026F8E9
:104D6000022084F83D00211D206804F0E7FD0120A9
:104D700084F8460000BF84F83E0001213F20015521
:104D8000402001554120015500BF00BF012084F89B
:104D9000420043200155442001554520015500BFE4
:104DA000012084F83D000020D0E7000008B50A4A41
:104DB000016891420FD100BF0021009107490968A5
:104DC00041F40031054A11601146096801F40031CF
:104DD000009100BF00BF08BD0044014044380240BC
:104DE000014691F83D00012801D0012070470220C2
:104DF00081F83D000868C06840F001000B68D86089
:104E00001A4B086898421BD00868B0F1804F17D041
:104E1000174B0868984213D0164B086898420FD079
:104E2000154B086898420BD0144B0868984207D07D
:104E3000134B0868984203D0124B086898420CD173
:104E40000868806800F00702062A0CD0086800682D
:104E500040F001000B68186005E00868006840F049
:104E600001000B6818600020C0E70000000001404E
:104E70000004004000080040000C00400004014015
:104E80000040014000180040704770B5044620689B
:104E9000C5682068066906F00200022819D105F0ED
:104EA0000200022815D1401F2168086101202077E7
:104EB0002068806900F0030018B12046FFF7E4FF86
:104EC00005E0204600F0CAF8204600F07EF90020F8
:104ED000207706F00400042819D105F00400042806
:104EE00015D1C043216808610220207720688069BD
:104EF00000F4407018B12046FFF7C6FF05E02046D9
:104F000000F0ACF8204600F060F90020207706F0B1
:104F10000800082819D105F00800082815D1C04359
:104F200021680861042020772068C06900F0030030
:104F300018B12046FFF7A8FF05E0204600F08EF8E4
:104F4000204600F042F90020207706F010001028DB
:104F500019D105F01000102815D1C043216808614F
:104F6000082020772068C06900F4407018B12046FE
:104F7000FFF78AFF05E0204600F070F8204600F0B9
:104F800024F90020207706F0010048B105F0010067
:104F900030B16FF0010021680861204600F09CF9F3
:104FA00006F08000802809D105F08000802805D116
:104FB000C043216808612046FFF7C2FE06F04000AA
:104FC000402809D105F04000402805D1C0432168A0
:104FD0000861204600F089F906F02000202809D158
:104FE00005F02000202805D1C04321680861204633
:104FF000FFF7A7FE70BD000010B586B0044614216F
:1050000001A8FCF775F81249206888421DD100BF3D
:10501000002000900F48006840F020000D49086013
:105020000846006800F02000009000BF00BF40204C
:10503000019002200290012003900220049003209E
:10504000059001A90448FEF71BFC06B010BD000046
:1050500000440140303802400014024070472DE9FE
:10506000F04104460D461646002700BF94F83C0068
:10507000012802D10220BDE8F081012084F83C0023
:1050800000BF36B1042E1BD0082E31D00C2E5ED1BD
:1050900045E02946206804F0D3FC2068806940F090
:1050A0000800216888612068806920F00400216878
:1050B000886120688069296908432168886148E01F
:1050C0002946206804F0F4FC2068806940F4006000
:1050D000216888612068806920F480602168886187
:1050E00020688069296940EA01202168886130E0F0
:1050F0002946206804F01AFD2068C06940F00800C5
:105100002168C8612068C06920F004002168C86176
:105110002068C069296908432168C86119E02946E7
:10512000206804F03FFD2068C06940F400602168F9
:10513000C8612068C06920F480602168C861206867
:10514000C069296940EA01202168C86101E001279E
:1051500000BF00BF00BF002084F83C0000BF3846FD
:1051600089E710B504460CB9012010BD94F83D0044
:1051700028B9002084F83C00204600F025F80220E1
:1051800084F83D00211D206804F0D8FB012084F83C
:10519000460000BF84F83E0001213F200155402019
:1051A00001554120015500BF00BF012084F8420095
:1051B00043200155442001554520015500BF0120E1
:1051C00084F83D000020D0E77047704770B5044672
:1051D0000D4615B994F83E000BE0042D02D13F2096
:1051E000005D06E0082D02D14020005D01E0412075
:1051F000005D012801D0012070BD1DB9022084F896
:105200003E000EE0042D03D102213F20015508E0AD
:10521000082D03D102214020015502E00221412046
:10522000015501222946206804F0F8FB2349206833
:10523000884203D022492068884201D1012000E041
:10524000002028B12068406C40F400402168486488
:105250001A49206888421BD02068B0F1804F17D0CF
:1052600018492068884213D01749206888420FD017
:105270001649206888420BD011492068884207D01F
:1052800013492068884203D01249206888420CD113
:105290002068806800F00706062E0CD020680068A1
:1052A00040F001002168086005E02068006840F0D7
:1052B00001002168086000209EE700000000014016
:1052C000000401400004004000080040000C0040C1
:1052D000004001400018004010B504462068B0F1BD
:1052E000804F01D1FEF7D2FB10BD7047704710B55B
:1052F000044600BF00BF21680C3151E8001F21F4B3
:10530000907021680C3141E80002002AF3D100BFFF
:1053100000BF00BF2168143151E8001F21F00100D7
:105320002168143141E80002002AF3D100BF206B4C
:1053300001280ED100BF00BF21680C3151E8001FC9
:1053400021F0100021680C3141E80002002AF3D15D
:1053500000BF2068406900F04000402820D100BF15
:1053600000BF2168143151E8001F21F0400021687E
:10537000143141E80002002AF3D100BFE06B78B19C
:105380000020E16B0865E06BFEF709F840B1E06BC7
:10539000FEF76FF8202803D110206064032010BDB1
:1053A0000020E085202084F842000020206300BF18
:1053B000F5E770472DE9F84F044620680568206836
:1053C000C668206847694FF00009CA4605F00F0912
:1053D000B9F1000F0AD105F0200038B106F0200025
:1053E00020B1204604F06FFDBDE8F88FB9F1000F41
:1053F0007CD007F0010018B906F49070002875D031
:1054000005F0010030B106F4807018B1606C40F016
:105410000100606405F0040030B107F0010018B12C
:10542000606C40F00200606405F0020030B107F0EB
:10543000010018B1606C40F00400606405F00800E1
:1054400048B106F0200010B907F0010018B1606CF7
:1054500040F008006064606C002846D005F0200031
:1054600028B106F0200010B1204604F02CFD206881
:105470004069C0F3801A606C00F0080010B9BAF1FE
:10548000000F2DD0204604F0C5FC2068406900F0D4
:105490004000402820D100BF00BF2168143151E8EE
:1054A000001F21F040002168143141E80002002A69
:1054B000F3D100BFE06B50B17F48E16B0865E06B52
:1054C000FDF7C3FF88B1E06B016D88470DE0204612
:1054D000FFF76FFF09E009E02046FFF76AFF04E0ED
:1054E0002046FFF766FF002060647DE7206B0128FF
:1054F00078D105F01000002874D006F010000028C4
:10550000FAD000BF0020009020680068009020685A
:105510004068009000BF00BF2068406900F0400074
:10552000402870D1E06B006840681FFA80F8B8F13D
:10553000000F58D0A08D404555DDA4F82E80E06BBB
:10554000C069B0F5807F43D000BF00BF21680C3137
:1055500051E8001F21F4807021680C3141E80002FD
:10556000002AF3D100BF00BF00BF2168143151E809
:10557000001F21F001002168143141E80002002AD7
:10558000F3D100BF00BF00BF2168143151E8001FF4
:1055900021F040002168143141E80002002AF3D1D3
:1055A00000BF202084F842000020206300BF00BF1D
:1055B00021680C3151E8001F21F0100021680C31E6
:1055C00041E80002002AF3D100BFE06BFDF7E7FEDF
:1055D00002206063A08DE28D801A81B22046FFF721
:1055E00085FE0EE052E0A08D40450AD1E06BC06917
:1055F000B0F5807F05D102206063A18D2046FFF7C2
:1056000075FEF1E6FFE7A08DE18D401A1FFA80F8E4
:10561000E08DD0B3B8F1000F37D000BF00BF2168D4
:105620000C3151E8001F21F4907021680C3141E8E1
:105630000002002AF3D100BF00BF00BF216814316F
:1056400051E8001F21F001002168143141E80002F7
:10565000002AF3D100BF202084F8420000202063FC
:1056600000BF00BF21680C3151E8001F21F010007D
:1056700021680C3141E80002002AF3D100BF02206A
:10568000606341462046FFF731FEADE605F080003D
:1056900030B106F0800018B1204604F015FEA3E6F4
:1056A00005F0400030B106F0400018B1204604F08B
:1056B000E7FB99E600BF97E6759C000810B5044625
:1056C0000CB9012010BDA06900B100E000BF94F842
:1056D000410028B9002084F84000204600F02AF854
:1056E000242084F841002068C06820F4005021681C
:1056F000C860204604F066FC2068006920F49040F1
:10570000216808612068406920F02A00216848610A
:105710002068C06840F400502168C86000206064C0
:10572000202084F8410084F842000020606300BF1C
:10573000C8E7000010B586B00446142101A8FBF7A5
:10574000D7FCBF49206888427ED100BF002000906E
:10575000BC48006840F01000BA490860084600687C
:1057600000F01000009000BF00BF00BF00200090BC
:10577000B4481438006840F00200B2491439086097
:105780000846006800F00200009000BF00BF00BFA4
:10579000002000900846006840F0010008600846BC
:1057A000006800F00100009000BF00BF8020019061
:1057B000022002900020039003200490072005900F
:1057C00001A9A148FEF75CF84FF400700190022097
:1057D000029000200390032004900720059001A967
:1057E0009A48FEF74DF89A489A4908604FF00060D1
:1057F0004860002197488160C1604FF48061016179
:105800000021416181614FF48071C16149020162EF
:1058100000214162FDF750FF08B1FCF7E4FE00BF34
:105820008C48E063846300BF894878308A49086007
:105830004FF0006048604021874881600021C160CE
:105840004FF48061016100E01BE000214161816152
:10585000C1614FF40031016200214162FDF72CFF6C
:1058600008B1FCF7C0FE00BF7B48A063846300BFA3
:10587000002205212520FEF7CBF92520FEF7B4F9FB
:10588000DBE076492068884258D100BF00200090B4
:105890006C48001F006840F480206A49091F0860B6
:1058A0000846006800F48020009000BF00BF00BFE1
:1058B0000020009063481438006840F004006149FB
:1058C000143908600846006800F00400009000BF2A
:1058D00000BF4FF44060019002200290002003902E
:1058E000032004900720059001A95D48FDF7C8FF3B
:1058F0005C485D4908604FF00060486000215A48EC
:105900008160C1604FF4806101610021416181616A
:10591000C16101624162FDF7CFFE08B1FCF763FE91
:1059200000BF5148E063846300BF002205212720A7
:10593000FEF76EF92720FEF757F97EE04B49206805
:1059400088427AD100BF002000903E48006840F0B5
:1059500020003C4908600846006800F020000090E4
:1059600000BF00BF00BF0020009036481438006818
:1059700040F040003349143908600846006800F0E0
:105980004000009000BF00BF4FF48440019002200F
:10599000029000200390032004900820059001A9A4
:1059A0003348FDF76DFF2A481838324908608005F2
:1059B000486000212F488160C1604FF4806101611F
:1059C000002141618161C1614FF4403101620021D8
:1059D0004162FDF771FE08B1FCF705FE00BF2548E6
:1059E000E063846300BF1A486030234908604FF0C9
:1059F000206048604021204881600021C1604FF450
:105A000080610161002141618161C1614FF44031D8
:105A1000016200214162FDF74FFE08B1FCF7E3FD92
:105A200000BF1548A063846300BF00220521472002
:105A3000FEF7EEF84720FEF7D7F806B010BD0000DD
:105A400000100140443802400004024000000240BF
:105A500040640240840C0020E40C00200048004018
:105A60000008024028600240440D0020001401405C
:105A700000180240A40D0020040E002070B504465A
:105A80000D46164694F8420020280BD105B10EB9F8
:105A9000012070BD0020206332462946204604F0D4
:105AA000A7FBF6E70220F4E770477047F7B5044616
:105AB000154694F8410020283ED1019800B10DB957
:105AC0000120FEBD01982062A584E5840020606469
:105AD000212084F841001948A16BC8631848A16BC4
:105AE00008641848A16BC8640020A16B086501AE6A
:105AF00023681A1D31682B46A06BFDF753FE30B1A9
:105B000010206064202084F841000120D9E76FF064
:105B100040002168086000BF00BF2168143151E8CF
:105B2000001F41F080002168143141E80002002A82
:105B3000F3D100BF0020C4E70220C2E7AF9D0008F8
:105B4000079E0008879C00080349884202D1012172
:105B5000024A1170704700003C0C00201B07002017
:105B60007047000070B5044600202074A37B484DA8
:105B70002D8803FB05F26168D4F8F400FBF75CFAAA
:105B8000A27B434B1B8802FB03F16068FBF7B0FA72
:105B9000A27B3F4B1B885A43A37B02FB03F1D4F843
:105BA0001801FBF7A5FA227B394B1B885A43A37BCC
:105BB00002FB03F1D4F80C01FBF79AFA002031E064
:105BC000D4F8F41001EB800191ED000AB5EEC00AA3
:105BD000F1EE10FA24D0D4F8F41001EB800191ED2D
:105BE000000A227CD4F8F41001EB820181ED000A56
:105BF000227C616A8854A16901EB800191ED000A61
:105C00006169095C227B237C12FB0311491ED4F8D5
:105C10000C2102EB810181ED000A217C491C2174D9
:105C2000411CC8B2A17B8142CADC002011E0626A3B
:105C3000125CE16901EB820191ED000A227C00FB1C
:105C40000202D4F8181101EB820181ED000A411C17
:105C5000C8B2217C8142EADC207CA4F87800217B58
:105C60007A200153207BA4F88000217C82200153FC
:105C7000207CA4F89000217C92200153207BA4F882
:105C80009800217C9A200153207CA4F8480070BD24
:105C9000AC00002000BFFEE770B585B00278A52AF1
:105CA0006BD190F82320AA2A67D1434A1268521C6C
:105CB000414D2A6002780A704278857842EA0524CC
:105CC0004C80C278057942EA052212B28A80427974
:105CD000857942EA052212B2CA80C279057A42EA7F
:105CE000052212B20A81427A857A42EA052212B26C
:105CF0004A8100220AE002F10B05455D04AEB5546D
:105D000002F10F05455D03AEB554521C042AF2DBC7
:105D10009DED040A81ED030A9DED030A81ED040A5D
:105D200000220FE002F11305455D02AEB55402F109
:105D30001705455D01AEB55402F11D05455D0DF831
:105D40000250521C042AEDDB9DED020A81ED050A8A
:105D50009DED010A81ED060A10F81B2F0A774278A3
:105D60004A77009A0A628279C57942EA05238B84D0
:105D7000027A1B3881F8262000BF104B0A6A1B6884
:105D80009A4205D10E4A1288521C0D4B1A8002E02D
:105D900000220B4B1A800A4A1288642A03DB012274
:105DA000084B1A7002E00022064B1A70034B0A6A75
:105DB0001A6005B070BD0000F0040020F40400205B
:105DC000F8040020E504002070B52DED088B86B0A6
:105DD00004460D46164694ED040ACA48D0ED000A62
:105DE00030EE600AB0EEC00ADFEDC70AB4EEE00A9A
:105DF000F1EE10FA22DC94ED050AC448D0ED000A59
:105E000030EE600AB0EEC00ADFEDBF0AB4EEE00A81
:105E1000F1EE10FA12DC94ED060ABD48D0ED000A4E
:105E200030EE600AB0EEC00ADFEDB70AB4EEE00A69
:105E3000F1EE10FA02DC207800287DD094ED040AFF
:105E4000DFEDB40A80EE201AB0EE41BAB0EE4B0A94
:105E5000FAF78EFAF0EE408A94ED050ADFEDAD0A0E
:105E600080EE201AB0EE41BAB0EE4B0AFAF780FA93
:105E7000F0EE40AA94ED060ADFEDA60A80EE201AA5
:105E8000B0EE41BAB0EE4B0AFAF772FAB0EE409AB1
:105E900094ED040ADFED9F0A80EE201AB0EE41BABD
:105EA000B0EE4B0AFAF7A0FAB0EE40AA94ED050A5C
:105EB000DFED980A80EE201AB0EE41BAB0EE4B0A40
:105EC000FAF792FAF0EE409A94ED060ADFED910AA5
:105ED00080EE201AB0EE41BAB0EE4B0AFAF784FA1F
:105EE000B0EE408A68EE890A2AEE291AB0EE480A16
:105EF00041EE000A8848C0ED000A2AEE8A0A874867
:105F000080ED000AB0EE480A28EE800A69EE0A0A1F
:105F100000EEE90A824880ED000A68EEA90AB0EEB8
:105F2000480A20EE800A09EE4A0A7E4880ED000AFF
:105F300028EEAA0A7C4800E021E080ED000AF1EE9C
:105F40004A0AB0EE480A20EE800A68EE890A00EE9E
:105F5000E90A764880ED000AF1EE6A0AB0EE480AD6
:105F600020EE800A724880ED000A7248C0ED009A67
:105F70002AEE890A704880ED000A00202070002077
:105F800011E005EB800191ED000A211D01EB80017C
:105F9000D1ED000A20EE200A03A901EB800181ED7A
:105FA000000A411CC8B20328EBDB9DED030A5A48E6
:105FB000D0ED000A20EE200ADDED040A574890EDEE
:105FC000001A01EE200ADDED050A554890ED001A91
:105FD00001EE200A85ED000A9DED030A5148D0ED3F
:105FE000000A20EE200ADDED040A4F4890ED001A69
:105FF00001EE200ADDED050A4C4890ED001A01EE95
:10600000200A85ED010A9DED030A4948D0ED000AFA
:1060100020EE200ADDED040A464890ED001A01EE5C
:10602000200ADDED050A444890ED001A01EE200A31
:1060300085ED020A00200AE006EB800191ED000ADE
:10604000694601EB800181ED000A411CC8B20328BA
:10605000F2DB9DED000A3048D0ED000A20EE200A68
:10606000DDED010A2D4890ED001A01EE200ADDED6C
:10607000020A2B4890ED001A01EE200A86ED000A74
:106080009DED000A2748D0ED000A20EE200ADDED44
:10609000010A254890ED001A01EE200ADDED020A02
:1060A000224890ED001A01EE200A86ED010A9DEDCE
:1060B000000A1F48D0ED000A20EE200ADDED010A9B
:1060C0001C4890ED001A01EE200ADDED020A1A4884
:1060D00090ED001A01EE200A86ED020A94ED040A02
:1060E000084880ED000A94ED050A084880ED000A92
:1060F00094ED060A064880ED000A06B0BDEC088B58
:1061000070BD0000D00600206F12833AD406002034
:10611000D8060020E12E6542DC060020E0060020C3
:10612000E4060020E8060020EC060020F00600202F
:10613000F4060020F8060020FC06002010B50446F6
:1061400054F8EC0F90ED000A834880ED000A2068B7
:1061500090ED010A814880ED000A206890ED020A66
:106160007F4880ED000A54F8EC0990ED030A7D4861
:1061700080ED000A7848D0ED000A60EEA00A77486A
:1061800090ED001AD0ED001A41EE210A744890ED0E
:10619000001AD0ED001A41EE210A724890ED001A63
:1061A000D0ED001A41EE210AB0EE600A0AF0DCFCE4
:1061B0006D4880ED000A002012E0D4F8EC1001EBED
:1061C000800191ED000A6849D1ED000A20EE200A15
:1061D000D4F8EC1001EB800181ED000A411CC8B23B
:1061E0000428EADB614890ED6F0A5C48D0ED000AB4
:1061F00020EE200AF0EE000A80EE201AF834A068A3
:1062000080ED041A594890ED6F0A5548D0ED000A08
:1062100020EE200AF0EE000A80EE201AA06880ED41
:10622000051A524890ED6F0A4B48D0ED000AF1EE86
:10623000600A20EE200AF0EE000A80EE201AA06824
:1062400080ED0A1A494890ED6F0A4648D0ED000AE1
:1062500020EE200AF0EE000A80EE201AA06880ED01
:106260000B1A424890ED6F0A3E48D0ED000AF1EE5D
:10627000600A20EE200AF0EE000A80EE201AA068E4
:1062800080ED101A394890ED6F0A3348D0ED000ABE
:10629000F1EE600A20EE200AF0EE000A80EE201AED
:1062A000A06880ED111A314890ED6F0A2C48D0EDAE
:1062B000000A20EE200AF0EE000A80EE201AA06804
:1062C00080ED161A294890ED6F0A2448D0ED000A97
:1062D000F1EE600A20EE200AF0EE000A80EE201AAD
:1062E000A06880ED171A206890ED1C0A1F48D0EDB9
:1062F000740A80EE201A206880ED1C1A206890ED48
:10630000230A1A48D0ED740A80EE201A206880ED26
:10631000231A54F8F80990ED1C0ADFED150AB4EEC3
:10632000E00AF1EE10FA05DD9FED110AD4F8F8004D
:1063300080ED1C0AD4F8F80090ED230ADFED0C0A7A
:10634000B4EEE00AF1EE10FA05DD9FED090AD4F88B
:10635000F80080ED230A10BD680100206C010020C8
:10636000700100207401002078010020C885002001
:1063700000401C4610B52DED068BF0EE408AB0EEC5
:1063800060AAB0EE419AB0EE618AF0EE429A012026
:106390003A4908700846C0ED6C8A80ED6DAA80ED20
:1063A0006E9A9FED370A80ED730A002081F838015C
:1063B0000A46C2F84001C2F844010021C2F848115F
:1063C000C2F84C11B7EE000AB4EEC08AF1EE10FA32
:1063D00003DDB7EE000AB0EE408A284880ED748AEB
:1063E000C0ED649A032300220621001D01F04EF93E
:1063F000244B01221146A3F10800FAF7C3F8B7EEC7
:10640000000A1E48D0F8EC0080ED000A9FED1E0A3D
:106410001A48D0F8EC0080ED010A9FED1B0A1748DE
:10642000D0F8EC0080ED020A9FED170A1348D0F86F
:10643000EC0080ED030A15491048C0F8D01014494B
:10644000C0F8D4101349C0F8D8101349C0F8DC10B4
:10645000012180F82E1080F82F1001469022D1F8EB
:1064600004010E49FAF7E8FD04499022D1F8FC0036
:106470000B49FAF7E1FDBDEC068B10BDC885002085
:1064800077CC2B329087002000000000A564000824
:106490003D610008D9640008356C0008E447010834
:1064A000C800002010B5044654F8F81F9022074891
:1064B000FAF7C2FD48220648616AFAF7BDFD616934
:1064C000F83C48220348FAF7B7FD10BDC800002089
:1064D000A8870020F087002010B5044654F8EC0F80
:1064E00090ED000AF0EE000A20EE200A3F4880ED11
:1064F000000A206890ED010AF0EE000A20EE200A62
:106500003B4880ED000A206890ED020AF0EE000A98
:1065100020EE200A374880ED000A206890ED030A3B
:10652000F0EE000A20EE200A334880ED000A14F84D
:10653000DE2C324B1B885A4314F8E03C02FB03F17B
:10654000206AFAF7D5FD2B4890ED000AB1EE400A1B
:10655000206A80ED000A284890ED000A206A80ED4C
:10656000010A224890ED000AB1EE400A206A80ED4F
:10657000020A1F4890ED000A206A80ED030A1C48B9
:1065800090ED000A206A80ED060A184890ED000A96
:10659000206A80ED070A184890ED000A206A80ED15
:1065A000080A144890ED000A206A80ED090A0F4895
:1065B00090ED000A206A80ED0C0A0D4890ED000A6B
:1065C000B1EE400A206A80ED0D0A0A4890ED000AFB
:1065D000B1EE400A206A80ED0E0A074890ED000AED
:1065E000206AEC3C80ED0F0A10BD00007C01002009
:1065F000800100208401002088010020AC000020E0
:1066000010B52DED088BB0EE40AAF0EE60AAB0EE0A
:1066100041BAF0EE618AB0EE429AF0EE629AB0EEC4
:10662000438AFE48007858B99FEDFD2AF7EE001A1C
:106630009FEDFC1ADFEDFC0AB2EE040AFFF79AFEAA
:10664000F64880ED6F8A90ED580A3AEE400A80EDE8
:106650005B0A90ED590A3AEEC00A80ED5C0A90EDB3
:106660005A0A3BEE400A80ED5D0A90ED5B0AF6EEB9
:10667000000A20EE200A20EE080AEC4880ED000A0D
:10668000E64890ED5C0AF6EE000A20EE200A20EEC5
:10669000080AE74880ED000AE04890ED5D0AF6EE52
:1066A000000A20EE200A20EE080AE24880ED000AE7
:1066B000DA499022D1F80401DF49FAF7BDFCDB4842
:1066C00090ED000AB1EE400AD448D0F8040180ED04
:1066D000010AD74890ED000AB1EE400ACF48D0F841
:1066E000040180ED020AD34890ED000AB1EE400AA1
:1066F000CA48D0F8040180ED030ACC4890ED000AA6
:10670000C648D0F8040180ED060ACA4890ED000A98
:10671000C248D0F8040180ED080AC54890ED000A8F
:10672000B1EE400ABD48D0F8040180ED090AC04826
:1067300090ED000AB948D0F8040180ED0C0ABD487C
:1067400090ED000AB1EE400AB448D0F8040180EDA3
:106750000D0AB64890ED000AB048D0F8040180ED6B
:106760000F0AB44890ED000AAC48D0F8040180ED5F
:10677000120AAF4890ED000AA848D0F8040180ED55
:10678000130AAA4890ED000AB1EE400AA348D0F8D7
:10679000040180ED140AA148D0F84811D0F84C014A
:1067A000002359405840014306D19C48C0ED5E8A01
:1067B00080ED5F9AC0ED609A984890ED5E0AD0ED4A
:1067C000640A60EE200A90ED6F0A90ED641A30EED4
:1067D000011A80EE810AD0ED6F0A90ED641A70EE16
:1067E000810A90ED6F1A21EE281AC1EE201A30EEC0
:1067F000210A80ED5E0A90ED5F0AD0ED640A60EE3A
:10680000200A90ED6F0A90ED641A30EE011A80EEC6
:10681000810AD0ED6F0A90ED641A70EE810A90ED56
:106820006F1A21EE091AC1EE201A30EE210A80ED0E
:106830005F0A90ED600AD0ED640A60EE200A90EDE8
:106840006F0A90ED641A30EE011A80EE810AD0EDE5
:106850006F0A90ED641A70EE810A90ED6F1A21EEC6
:10686000291AC1EE201A30EE210A80ED600AD0ED1F
:106870005E0A60EEA00A90ED5F1AD0ED5F1A41EE5D
:10688000210A90ED601AD0ED601A41EE210AB0EEB7
:10689000600A0AF069F9694880ED000A002011E0F9
:1068A000674901EB800191ED000A6449D1ED000ACE
:1068B00020EE200A5949896801EB800181ED000A28
:1068C000411CC8B20328EBDB5448D0ED5B0A60EEF4
:1068D000A00A90ED5C1AD0ED5C1A41EE210A90ED11
:1068E0005D1AD0ED5D1A41EE210AB0EE600A0AF0A1
:1068F0003BF9F7EE000A80EE801A484880ED651AF1
:106900004E4890ED000AF7EE000A80EE801A4348E8
:1069100080ED661A90ED650ADFED4A0AB4EEE00AF2
:10692000F1EE10FA16D290ED660ADFED470AB4EEEA
:10693000E00AF1EE10FA0DDD90ED660ADFED430A94
:10694000B4EEE00AF1EE10FA04D20120334981F8E6
:10695000390103E00020314981F839012F4890EDD9
:106960006C0AD0ED6F0A20EE200AD0F8180180EDF5
:10697000000A2A4890ED6C0AD0ED6F0A20EE200A3A
:10698000D0F8180180ED070A244890ED6C0AD0ED8C
:106990006F0A20EE200AD0F8180180ED0E0A1F4879
:1069A00090ED6C0AD0ED6F0A20EE200AD0F81801A5
:1069B00080ED150A194890ED6D0AD0ED6F0A20EEB2
:1069C000200AD0F8180180ED1C0A144890ED6D0AD9
:1069D000D0ED6F0A20EE200AD0F8180180ED230ACE
:1069E0000E4890ED6E0AD0F81C0180ED000A0B48AD
:1069F00090ED6E0AD0F81C0180ED040A074890ED76
:106A00006E0AD0F81C0180ED080A0448001D01F050
:106A1000BDFA0248406890ED000A19E0C8850020E0
:106A2000000000008096184B6F12833A5801002036
:106A30005C01002060010020E4470108640100209F
:106A4000408700209A99993ECDCC1441CDCC244169
:106A5000734880ED540A406890ED010A704880ED5B
:106A6000550A406890ED020A6D4880ED560A40686C
:106A700090ED030A6A4880ED570A406890ED040AD9
:106A8000674880ED580A406890ED050A644880ED3B
:106A9000590A1FED1D0A80ED5A0A90ED541A21EE95
:106AA000011AD0ED551A90ED552A01EE821AF7EE33
:106AB000001AB0EE002A52EE011AF0EE610A90EDD3
:106AC000541AD0ED571A21EE211AD0ED551A90ED37
:106AD000562A01EE821AF0EE001A21EE211AB0EECB
:106AE000410A06F049FDDFED4F0A20EE200A4C482E
:106AF00080ED6A0A90ED541A21EE011AD0ED571A72
:106B000090ED572A01EE821AF7EE001AB0EE002A35
:106B100052EE011AF0EE610A90ED541AD0ED551ABA
:106B200021EE211AD0ED561A90ED572A01EE821A65
:106B3000F0EE001A21EE211AB0EE410A06F01CFD1B
:106B4000DFED380A20EE200A354880ED690AD0EDE5
:106B5000550A90ED571A60EE810A90ED541AD0ED67
:106B6000561A41EE610AB8EE001A60EE810AB0EEE4
:106B7000600A06F06BFCDFED2B0A20EE200A2848A5
:106B800080ED680A90ED6A0AD0ED760A30EE600A70
:106B9000DFED250AB4EEE00AF1EE10FA07DDB0F8F9
:106BA000D401401E00B21E49A1F8D40114E01C48D3
:106BB00090ED6A0AD0ED760A30EE600ADFED1B0A2E
:106BC000B4EEE00AF1EE10FA06D2B0F8D401401C9F
:106BD00000B21349A1F8D401114890ED6A0AB0F946
:106BE000D40100EE900AF8EEE00A9FED111A01EED2
:106BF000200A0B4880ED6B0A90ED6A0A80ED760A58
:106C0000D0F84821D0F84C01521C40F10000044952
:106C1000C1F84821C1F84C01BDEC088B10BD000043
:106C2000C8850020E12E654200003443000034C3D3
:106C30000000B44370B52DED028B044604F18001D1
:106C400004F17800FAF75CF884F8C800B4F878002A
:106C5000A4F8A8005A20015BAA20015304F1A8025D
:106C600004F1580104F17800F9F728FF84F8C8000E
:106C7000B4F8A800A4F8B0008220015BB220015350
:106C800004F1B00204F1800104F1A800F9F716FF45
:106C900084F8C800B4F89000A4F8A0009220015B2A
:106CA000A220015304F1A00204F1900104F1B0000C
:106CB000F9F7E4FB84F8C80004F1B00104F1A00086
:106CC000F9F764FCAC342077206C90ED000AFE48A4
:106CD00080ED000A206C90ED010AFC4880ED000A6E
:106CE000206C90ED020AFA4880ED000A206C90EDCD
:106CF000030AF84880ED000A34F8340CA081AC3C5B
:106D00000121BA200153F14890ED000AF148D0ED7D
:106D1000000A20EE200AEC48D0ED000AEC4890ED85
:106D2000001A00EEC10AF0EE000A20EE200AD4F8A4
:106D30002C0180ED000AE44890ED000AE348D0ED14
:106D4000000A20EE200AE248D0ED000AE14890ED6A
:106D5000001A00EE810AF0EE000A20EE200AD4F8B4
:106D60002C0180ED010AD84890ED000A20EE000ABF
:106D7000D648D0ED000A90ED001A00EEC10AD448C2
:106D8000D0ED000A90ED001A00EEC10AD148D0ED16
:106D9000000A90ED001A00EE810AD4F82C0180ED73
:106DA000020A002512E0D4F82C0100EB850090EDDA
:106DB000000AB0EEC00AB0EE408A06F0BBFAC64840
:106DC00000EB850080ED000A681CC5B2032DEADBEC
:106DD000B4F84800A4F8C0000121C220015304F116
:106DE000C00204F1B80104F14800F9F705FF84F886
:106DF000C800B4F8C000A4F8A8000121AA200153DB
:106E000004F1A80204F1C00104F1B000F9F756FE44
:106E1000B8342074012020802189B83CBA20015365
:106E200004F1B80104F1C000F9F76AFF84F8C80062
:106E3000A94A3C3204F1A80104F1B800F9F73EFE7A
:106E400084F8C800A54890ED720AD0ED730AB6EE3A
:106E5000001A60EE810AB4EEE00AF1EE10FA03D2F5
:106E600001209E4981F838019C4890ED720AD0EDCE
:106E7000730AB4EEE00AF1EE10FA46DD90F838013C
:106E8000002842D0954890F8390168B19348D0F86D
:106E90004011D0F84401491C40F100008F4AC2F86B
:106EA0004011C2F8440105E000208C4AC2F84001BC
:106EB000C2F844018948D0F84031D0F8442100207C
:106EC000D3F13201904106D20020844981F8380183
:106ED00084F82C004AE0237B814D2D8803FB05F2CA
:106EE000D4E93A01FAF7A8F8237B7D4D2D886B434E
:106EF000257B03FB05F2D4E93E01FAF79DF801205A
:106F000084F82C00BDEC028B70BD744890ED720AC1
:106F1000D0ED730A9FED731A60EE810AB4EEE00AB9
:106F2000F1EE10FA14DD90F8380188B16B4890ED5D
:106F3000730AD0ED720A30EE600AD0ED730A9FED4D
:106F40006A1A60EE810A80EE201A80ED671A04E06A
:106F5000B7EE000A614880ED670A00215F4AC2F877
:106F60004011C2F84411002084F82C00B4F85800F5
:106F7000A4F8A8008220015BAA20015304F1A80212
:106F800004F1800104F15800F9F798FD84F8C80075
:106F900004F1980204F1B00104F1A800F9F78EFDA4
:106FA00084F8C800002012E0D4F81C1101EB800125
:106FB00091ED000A4949D1ED670A20EE200AD4F884
:106FC0001C1101EB800181ED000A411CC8B2B4F82C
:106FD00098109A22125B51438142E5DC042025E09F
:106FE00000211FE0021F3C4B03EB8202D2ED000A9E
:106FF0009FED3E1A80EE810A00EB40030B44D4F86B
:107000001C2102EB8302D2ED000A20EE200A00EBE5
:1070100040030B44D4F81C2102EB830282ED000AEA
:107020004A1CD1B20329DDDB411CC8B20628D7DBDC
:10703000B4F89800A4F8B8000121BA20015304F173
:10704000B80204F1C00104F19800F9F737FD84F8A3
:10705000C800224890F83801A0B3042058E0BC21B1
:10706000095901EB800191ED000A1C49D1ED6F0A2D
:107070009FED1F1A60EE810AB4EEE00AF1EE10FAFD
:107080000BDD91ED6F0ADFED1A0A20EE200ABC211C
:10709000095901EB800181ED000ABC21095901EB7E
:1070A000800191ED000A0D49D1ED6F0A9FED111A93
:1070B00060EE810AB4EEE00AF1EE10FA26D291ED0C
:1070C0006F0A19E026E000008C01002090010020EA
:1070D00094010020980100204C870020C8850020E2
:1070E000AC000020CDCCCC3D6666663FDA0FC93FD0
:1070F0000AD7233C0AD723BC5FED020A20EE200A00
:10710000BC21095901EB800181ED000A411CC8B284
:107110000628A4DB9FED080ABC20005980ED030A75
:1071200004F1300204F1B80104F13800F9F7A6F9CE
:1071300084F8C80000BFE5E60000000010B52DEDA2
:10714000028B1548D0ED070AB0EE600A1348D0ED67
:10715000000A134801F058FD1148406B00EE100A78
:1071600008F09CFF00EE100AB8EEC00AB0EE408AAC
:107170009FED0C1ADFED0C0A08F07AFFBCEEC00A96
:1071800010EE100A84B222460021084802F034FDB5
:10719000BDEC028B10BD000044880020B406002026
:1071A000089800200000804F00000000640B0020C1
:1071B00010B5B7EE000A284880ED010AB7EE000AC4
:1071C00080ED020AB7EE000A80ED030A9FED230A64
:1071D00080ED040A9FED210A80ED050A9FED1F0A4C
:1071E00080ED060A01201C4908709FED1C2AF7EE6D
:1071F000001A9FED1B1ADFED1B0AB2EE040AFFF71F
:10720000B9F800221146DFED154A9FED144ADFED73
:10721000133A9FED123ADFED112AB3EE042ADFEDA7
:10722000121A9FED0E1ADFED110A9FED110A114897
:1072300001F052FE00211048FDF7C8FF9FED0F0A34
:107240000F4880ED100AF2EE060AB6EE000A0D486D
:1072500000F0B8F910BD0000EC970020000000001D
:107260008096184B6F12833A00007A4400009643D0
:107270000000FA4408980020640B002096430B3C61
:107280006C970020B498002010B586B0924A07CAC7
:1072900003AB07C39148FAF7F7FF914880ED000A66
:1072A000904890ED000A8E48D0ED000A30EE200A9A
:1072B0008C4880ED000A8A4890ED000A8A4880EDEB
:1072C000000A00BF8948FAF74BF9884890ED000A98
:1072D000874880ED070A854890ED010A844880EDD3
:1072E000080A824890ED020A814880ED090A7F4829
:1072F00090ED030A7E4880ED040A7C4890ED040A74
:107300007B4880ED050A794890ED050A784880EDC4
:10731000060A00F11C0200F110017648FEF754FD48
:10732000734890ED091AF0EE410A90ED071AB0EE9D
:10733000410A06F021F9B1EE400ADFED6F0A20EEB6
:10734000200ADFED6E0A80EE201A694880ED1A1AD5
:1073500090ED091AF0EE410A90ED081AB0EE410ADC
:1073600006F00AF9DFED640A20EE200ADFED630A79
:1073700080EE201A5E4880ED1B1A90ED093AF0EE7F
:10738000432A90ED083AB0EE432A90ED073AF0EE2A
:10739000431A90ED063AB0EE431A90ED053AF0EE3E
:1073A000430A90ED043AB0EE430A4D4890ED003A9E
:1073B000FFF726F94E48D0ED060AB0EE600A4848BD
:1073C000D0ED000AFBF782F94D4880ED000A4849EC
:1073D0004C48D0E91534026DC06D81E81C00C860CE
:1073E0000A4644314848FAF781FA414A02F150010D
:1073F0004648FAF77BFA3E4A02F15C014448FAF744
:1074000075FA3B4A694603A8FBF740F8002032E0D2
:1074100037491C3101EB800191ED000A3049D1ED73
:10742000000A20EE200A3249D1ED100A2C4991EDD4
:10743000001A30EE811AC0EE010A2D49283101EB05
:10744000800191ED000A2A4991ED101A20EE010AFF
:1074500091ED101A2249D1ED001A31EE211AC0EE39
:10746000011A30EEA10A2249283101EB800181ED99
:10747000000A411CC8B20328CADB1D4A02F13401CC
:10748000A1F10C00FAF732FA224890ED6A0A184886
:1074900080ED1E0A1F4890ED690A154880ED1D0A0F
:1074A0001C4890ED680A124880ED1C0A194890EDBE
:1074B0006B0A0F4880ED1F0A00BF1748007800F0E4
:1074C000010008B9FFF73AFE13480068401C124952
:1074D000086006B010BD00009C4B0108A406002007
:1074E000A8060020AC060020C80600204488002022
:1074F0006C970020EC97002000003443DB0F4940DC
:10750000BC060020C8860020784B0108844B010887
:10751000904B0108C8850020CC0600202DE9F04FD3
:107520000C4609AD95E8E010DDE90D89002104E085
:1075300014F801A000F801A0491C032904DA14F88A
:1075400001A0BAF1000FF3D190F803A062F3020A90
:1075500080F803A090F803A02AF0380A0AF1300A54
:1075600080F803A0B0F803A063F3891AA0F803A081
:1075700090F804A065F3850A80F804A0B0F804A090
:1075800066F38E1AA0F804A04FF0000BB0F805A027
:107590006BF3CF1AA0F805A0B0F807A067F3090AAB
:1075A000A0F807A0B0F808A06CF38C0AA0F808A017
:1075B000B0F809A068F34F1AA0F809A0C0F80B9022
:1075C000BDE8F08F9FED0E1A80ED001A9FED0C1AAA
:1075D00080ED051A80ED090AC0ED0A0AB7EE001A1F
:1075E00080ED071A9FED061A80ED081AB7EE001A13
:1075F00080ED0B1A90ED001A80ED011A7047000023
:1076000000000000F0EE400A90ED070A90ED001A2D
:1076100020EE010A80ED010A90ED090A90ED071AAB
:10762000D0ED051A01EE210A80ED030A90ED030A60
:1076300090ED0A1A30EE010A90ED031AC1EE001A1D
:10764000C0ED061A90ED010A90ED061AD0ED011A70
:1076500070EEE11A01EE210A80ED020A90ED060AB1
:10766000B7EE001A31EE400A90ED031A20EE010A3F
:1076700080ED040A90ED040A80ED050A90ED020AFF
:1076800080ED000A90ED020A704700000FB583B04C
:107690000420FE4908800820FD490880DDE9031028
:1076A0000873039905984873039906988873002115
:1076B0000398017406980290F9F7ACFB03994861AE
:1076C000069802900398406901900299F9F7EEFC40
:1076D000EE480088069948430290F9F79BFB03990E
:1076E0008861EA48008806994843029003988069B7
:1076F00001900299F9F7FCFCE44800880699484398
:107700000290F9F787FB0399C861E0480088069961
:10771000484302900398C06901900299F9F7E8FC88
:10772000DA480088049948430290F9F773FB0399FB
:107730000862D64800880499484302900398006A7A
:1077400001900299F9F7D4FC06980290F9F762FBD0
:1077500003994862069802900398406A0190029942
:10776000F9F7A4FCC9480088049948430290F9F746
:1077700051FB03990860C54800880499484302906A
:107780000398006801900299F9F7B2FCBF4800889D
:10779000069948430290F9F73DFB03994860BB48BE
:1077A0000088069948430290039840680190029926
:1077B000F9F79EFCB5480088059948430290F9F70F
:1077C00029FB03998860B1480088059948430290D5
:1077D0000398806801900299F9F78AFCAB48008809
:1077E000049948430290F9F715FB0399C1F8E800A2
:1077F000A64800880499484302900398D0F8E8000E
:1078000001900299F9F774FC0398D0F8E80002900F
:107810000398007B019001220146DDE902303030FF
:10782000F8F7B0FE99480088049948430290F9F7A8
:10783000F1FA0399C1F8EC00944800880499484390
:1078400002900398D0F8EC0001900299F9F750FCEF
:107850000398D0F8EC0002900398007B019001227D
:107860000146DDE902303830F8F78CFE059818B390
:1078700086480088059948430290F9F7CBFA0399A6
:10788000C1F8F000814800880599484302900398A8
:10789000D0F8F00001900299F9F72AFC0398D0F88B
:1078A000F00002900398407B019001220146DDE93F
:1078B00002304030F8F766FE744800880699484365
:1078C0000290F9F7A7FA0399C1F8F4006F4800880D
:1078D0000699484302900398D0F8F4000190029969
:1078E000F9F706FC0398D0F8F40002900398807B27
:1078F000019001220146DDE902304830F8F742FEEE
:10790000624800880499484348430290F9F782FA94
:107910000399C1F8F8005D4800880499484348433A
:1079200002900398D0F8F80001900299F9F7E0FB73
:107930000398D0F8F80002900398007B0190039818
:10794000007B00900146DDE902305030019AF8F7E3
:1079500019FE4E4800880499484348430290F9F7BD
:1079600059FA0399C1F8FC00484800880499484333
:10797000484302900398D0F8FC0001900299F9F76F
:10798000B7FB0398D0F8FC0002900398007B0190AD
:107990000398007B00900146DDE902305830019ADF
:1079A000F8F7F0FD394800880499484348430290AD
:1079B000F9F730FA0399C1F80001344800880499B6
:1079C000484348430290F9F725FA0399C1F80401A6
:1079D0002E48008804994843484302900398D0F801
:1079E000000101900299F9F783FB28480088049967
:1079F0004843484302900398D0F80401019002994B
:107A0000F9F776FB0398D0F8000102900398007B09
:107A100001900398007B00900146DDE90230603060
:107A2000019AF8F7AFFD0398D0F80401029003988B
:107A3000007B01900398007B00900146DDE9023055
:107A40006830019AF8F79EFD059878B30F480088D2
:107A500004994843059948430290F9F7DBF90399E3
:107A6000C1F808010948008804994843059948432A
:107A700002900398D0F8080101900299F9F738FBB9
:107A80000398D0F808010290039803E0AC000020AE
:107A9000AE000020407B01900398007B00900146DF
:107AA000DDE902307030019AF8F76CFDB9480088C2
:107AB00006994843049948430290F9F7ABF90399B2
:107AC000C1F80C01B348008804994843069948431B
:107AD0000290F9F79FF90399C1F81001AD480088A9
:107AE000069948430499484302900398D0F80C0142
:107AF00001900299F9F7FCFAA648008804994843D6
:107B00000699484302900398D0F810010190029919
:107B1000F9F7EEFA0398D0F80C0102900398007B75
:107B200001900398807B00900146DDE902307830B7
:107B3000019AF8F727FD0398D0F8100102900398F6
:107B4000807B01900398007B00900146DDE90230C4
:107B50008030019AF8F716FD8E4800880499484352
:107B600048430290F9F756F90399C1F8140189487E
:107B7000008804994843484302900398D0F81401C0
:107B800001900299F9F7B4FA0398D0F81401029021
:107B90000398007B01900398007B00900146DDE98B
:107BA00002308830019AF8F7EDFC7A48008806998F
:107BB000484348430290F9F72DF90399C1F8180199
:107BC0007448008806994843484302900398D0F8C7
:107BD000180101900299F9F78BFA0398D0F818016F
:107BE00002900398807B01900398807B009001466F
:107BF000DDE902309030019AF8F7C4FC654800884E
:107C000004994843069948430290F9F703F9039908
:107C1000C1F81C015F48008804994843069948430D
:107C200002900398D0F81C0101900299F9F760FACC
:107C30000398D0F81C0102900398807B0190039870
:107C4000007B00900146DDE902309830019AF8F798
:107C500099FC0398007B4F49098848430399097BA5
:107C600048430290F9F7D6F80399C1F82001039828
:107C7000007B4849098848430399097B484302909F
:107C8000F9F7C8F80399C1F824010398007B41492A
:107C9000098848430399097B48430290F9F7BAF8E9
:107CA0000399C1F828010398007B3A4909884843A1
:107CB0000290F9F7AFF80399C1F82C010398007B03
:107CC0003449098848430290F9F7A4F80399C1F8A8
:107CD00030010398D0F8200102900398007B0190B6
:107CE0000398007B00900146DDE90230A030019A44
:107CF000F8F748FC0398D0F8240102900398007B21
:107D000001900398007B00900146DDE90230A83025
:107D1000019AF8F737FC0398D0F8280102900398ED
:107D2000007B01900398007B00900146DDE9023062
:107D3000B030019AF8F726FC0398D0F82C01029095
:107D40000398007B019001220146DDE90230B83042
:107D5000F8F718FC0398D0F8300102900398007BE4
:107D6000019001220146DDE90230C030F8F70AFC3B
:107D70000021039880F82810039880F829100398B0
:107D800080F82A10039880F82B10039880F82C10A4
:107D900007B000BDAC00002070B50446E07B18B110
:107DA0002046FDF7DFFE11E0A37B0E4D2D8803FB7F
:107DB00005F26168D4F8F400F9F73EF9A27B094BAB
:107DC0001B8802FB03F16068F9F792F9637B054DAC
:107DD0002D8803FB05F2A168D4F8F000F9F72CF91F
:107DE00070BD0000AC00002010B5044694F82C00D3
:107DF00068BBB4F89800A4F8A8007A20015BAA2018
:107E00000153B4F8A800A4F8B0005A20015BB220D6
:107E1000015304F1A80204F1780104F19800F8F785
:107E20004DFE84F8C80004F1B00204F1580104F1D9
:107E3000A800F8F743FE84F8C80004F1500204F1EA
:107E4000B00104F15800F8F7D7FE84F8C80010BD5F
:107E500010B5044694F8290068BB04F1680104F1E8
:107E60006000F8F74DFF84F8C80004F1580204F1EF
:107E7000500104F16000F8F721FE84F8C800B4F85E
:107E80005800A4F8A8006A20015BAA20015304F15D
:107E9000A80204F1680104F15800F8F70FFE84F815
:107EA000C80004F1580204F1880104F1A800F8F7B1
:107EB000E5FA84F8C80010BD10B5044694F82A000D
:107EC000002861D104F1800104F17800F8F718FF6F
:107ED00084F8C800B4F87800A4F8A8005A20015B20
:107EE000AA20015304F1A80204F1580104F178001A
:107EF000F8F7E4FD84F8C800B4F8A800A4F8B000CE
:107F00008220015BB220015304F1B00204F1800130
:107F100004F1A800F8F7D2FD84F8C800B4F8900086
:107F2000A4F8A0009220015BA220015304F1A0025A
:107F300004F1900104F1B000F8F7A0FA84F8C80049
:107F400004F1B00104F1A000F8F720FB84F8C800A8
:107F5000B4F85800A4F8A8008220015BAA200153BD
:107F600004F1A80204F1800104F15800F8F7A6FD1D
:107F700084F8C80004F1980204F1B00104F1A800EB
:107F8000F8F79CFD84F8C80010BD000070B50446E9
:107F90002046FFF701FFD4F8CC0018B12046D4F8F2
:107FA000CC108847204600F085F8D4F8D00018B1EE
:107FB0002046D4F8D01088472046FFF749FFD4F870
:107FC000D40018B12046D4F8D4108847207C08B9D2
:107FD000E07BB8B92046FFF76FFFD4F8D80018B19E
:107FE0002046D4F8D8108847204600F0A1F8D4F8ED
:107FF000DC0018B12046D4F8DC1088472046FFF793
:10800000F3FE13E0237B2A4D2D8803FB05F2D4E910
:108010003A01F9F711F8237B254D2D886B43257B19
:1080200003FB05F2D4E93E01F9F706F8D4F8E000C5
:1080300018B12046D4F8E0108847002022E0227BC7
:1080400000FB0202D4F8F81001EB820191ED000A66
:10805000216A01EB8001D1ED000AB4EEE00AF1EEF5
:1080600010FA0DD2216A01EB800191ED000A227B0A
:1080700000FB0202D4F8F81001EB820181ED000A46
:10808000411CC8B2217B8142D9DC237B084D2D885D
:1080900003FB05F2D4F8E8102068F8F7CDFFD4F818
:1080A000E40018B12046D4F8E4108847206870BD79
:1080B000AC00002010B5044694F8280060BB607B3B
:1080C00000282ADD207BA4F8B8000121BA20015342
:1080D00004F1B80204F1300104F16000F8F7EEFC9D
:1080E00084F8C800207BA4F8C0000121C2200153FD
:1080F00004F1C00204F1400104F17000F8F7DEFC65
:1081000084F8C80004F1380204F1C00104F1B80099
:10811000F8F7B4F984F8C80009E004F1380204F172
:10812000300104F16000F8F7C9FC84F8C80010BD04
:1081300010B5044694F82B00E0BBB4F87800A4F81E
:10814000B8000121BA20015304F1B80204F138014A
:1081500004F17800F8F7B2FC84F8C800B4F84800DD
:10816000A4F8C0000121C220015304F1C00204F1AF
:10817000B80104F14800F8F73FFD84F8C800B4F8EE
:108180009800A4F8B8000121BA20015304F1B80204
:1081900004F1C00104F19800F8F790FC84F8C800DD
:1081A00004F1300204F1B80104F13800F8F766F97F
:1081B00084F8C80010BD2DE9F04F0C4609AD95E8D4
:1081C000E010DDE90D89002104E014F801A000F8B9
:1081D00001A0491C032904DA14F801A0BAF1000F28
:1081E000F3D190F803A062F3020A80F803A090F89C
:1081F00003A02AF0380A80F803A0B0F803A063F3C4
:10820000891AA0F803A090F804A065F3850A80F805
:1082100004A04FF0000BB0F804A06BF38E1AA0F886
:1082200004A0B0F805A06BF3CF1AA0F805A0B0F831
:1082300007A066F3090AA0F807A0B0F808A067F342
:108240008C0AA0F808A0B0F809A06CF34F1AA0F8A7
:1082500009A0B0F80BA06FF3090AA0F80BA0B0F8C2
:108260000CA068F38C0AA0F80CA0B0F80DA069F37C
:108270004F1AA0F80DA0BDE8F08F000010B50F4810
:108280000F4908600320486000210D488160C160EB
:108290004FF4102101614FF400114161002101767A
:1082A0000121417600218176C17601774177FAF785
:1082B0008BFD08B1FAF797F910BD0000006400408B
:1082C000DC09002010B50F480F4908600320486002
:1082D00000210D488160C1604FF4102101614FF40D
:1082E0000011416100210176012141760021817652
:1082F000C17601774177FAF767FD08B1FAF773F9AC
:1083000010BD000000680040040A002008B500BF4E
:10831000002000902A48006840F480002849086046
:108320000846006800F48000009000BF00BF00BF56
:10833000002000900846006840F4001008600846DD
:10834000006800F40010009000BF00BF002205216B
:108350000C20FBF75DFC0C20FBF746FC00220521FE
:108360003820FBF755FC3820FBF73EFC00220521A6
:108370003920FBF74DFC3920FBF736FC00220521A4
:108380003A20FBF745FC3A20FBF72EFC00220521A2
:108390003B20FBF73DFC3B20FBF726FC00220521A0
:1083A0004520FBF735FC4520FBF71EFC002205218C
:1083B0004620FBF72DFC4620FBF716FC08BD00000D
:1083C0003038024000B5C7B01C223C4940A8F8F73D
:1083D00033FE002140A808F0A2FC394908601C22A5
:1083E00036491C3139A8F8F727FE002139A808F0D2
:1083F00096FC344908601C223049383132A8F8F71D
:108400001BFE002132A808F08AFC2F4908601C22BC
:108410002A4954312BA8F8F70FFE00212BA808F0A9
:108420007EFC2A4908601C222449703124A8F8F7F0
:1084300003FE002124A808F072FC254908601C22D4
:108440001E498C311DA8F8F7F7FD00211DA808F082
:1084500066FC204908601C221849A83116A8F8F7C4
:10846000EBFD002116A808F05AFC1B4908601C22ED
:108470001249C4310FA8F8F7DFFD00210FA808F05A
:108480004EFC164908601C220C49E03108A8F8F798
:10849000D3FD002108A808F042FC114908601C2205
:1084A0000649FC3101A8F8F7C7FD002101A808F032
:1084B00036FC0C49086047B000BD0000AC4601081E
:1084C0000000002004000020080000200C00002014
:1084D0001000002014000020180000201C000020C4
:1084E000200000202400002000B587B0142102A83D
:1084F000F8F7FEFD00BF002001909748006840F0AB
:108500000200954908600846006800F002000190EA
:1085100000BF00BF00BF002001900846006840F087
:10852000400008600846006800F04000019000BF6D
:1085300000BF00BF002001900846006840F0010025
:1085400008600846006800F00100019000BF00BF0D
:1085500000BF002001900846006840F00800086055
:108560000846006800F00800019000BF00BF00BF8F
:10857000002001900846006840F0040008600846AA
:10858000006800F00400019000BF00BF00BF0020A1
:1085900001900846006840F4807008600846006852
:1085A00000F48070019000BF00BF00BF0020019068
:1085B0000846006840F0800008600846006800F047
:1085C0008000019000BF00BF00BF0020019008465E
:1085D000006840F0200008600846006800F02000B5
:1085E000019000BF00BF0122C0215C48FBF742FAA6
:1085F00000224FF480715A48FBF73CFA01224021D7
:108600005748FBF737FA012240215648FBF732FA68
:1086100000224FF480515448FBF72CFA012210211C
:108620005248FBF727FA012241F201015048FBF7BB
:1086300021FA8020029001200390049000200590F0
:1086400002A94648FBF71CF9402002900120039044
:1086500004900220059002A94048FBF711F94FF45D
:10866000A07002900120039000200490059002A9C0
:108670003B48FBF705F9402002900120039004904D
:10868000059002A93748FBF7FBF84FF480500290A1
:108690000120039000200490059002A93248FBF7C6
:1086A000EFF8082002904FF4881003900120049006
:1086B00002A92C48FBF7E4F8012002900020039067
:1086C0000120049002A92948FBF7DAF81020029053
:1086D0000120039004900220059002A92348FBF793
:1086E000CFF8302002904FF48810039001200490BE
:1086F00002A91B48FBF7C4F84FF4805002900120F8
:1087000003900490059002A91948FBF7B9F80120DD
:108710000290039004900220059002A91448FBF7F0
:10872000AFF8002205210920FBF772FA0920FBF7B8
:108730005BFA002205210A20FBF76AFA0A20FBF700
:1087400053FA002205211720FBF762FA1720FBF7E6
:108750004BFA07B000BD0000303802400020024054
:108760000008024000180240001C024000000240C5
:108770000004024010B50A480A4908600020486019
:108780007C210848816040F67F41C1600021016181
:1087900041618161FCF70AF808B1F9F724FF10BDC7
:1087A000002800402C0A002010B50F480F4908602F
:1087B0004FF48270486000210C488160C160022142
:1087C000016101214161490281611021C1610021E2
:1087D0000162416281620A21C162FCF77DF808B141
:1087E000F9F701FF10BD0000003001404C0A0020E5
:1087F00000B587B01C216846F8F77AFC1548164981
:1088000008605320486000211348816040F2CF7116
:10881000C160002101618161FCF794FA08B1F9F7A8
:10882000E2FE0D48FCF79DFC08B1F9F7DCFE602084
:1088300000900020019002900490002269460648B2
:10884000FCF70DFC08B1F9F7CEFE0348FCF7D4FBAA
:1088500007B000BD00440140640B002010B5114872
:10886000114908604FF4E130486000210E488160F2
:10887000C16001610C21416100218161C161FCF78E
:108880001DFF08B1F9F7AFFE07480068C06840F067
:10889000100005490968C860A02204490248FDF794
:1088A000EDF810BD00100140AC0B0020C88900207D
:1088B00010B50B480B4908600B4848600021094877
:1088C0008160C1604FF4806101610C214161002130
:1088D0008161C161FCF7F2FE08B1F9F784FE10BDB9
:1088E00000480040F40B0020A086010010B50B48A2
:1088F0000B4908604FF4E13048600021084881606E
:10890000C16001610C21416100218161C161FCF7FD
:10891000D5FE08B1F9F767FE10BD00000014014054
:108920003C0C002010B54FF0A0400B49086004201B
:10893000087102210848C171002181710221417230
:1089400000218172C17201738173C173FBF7B2F9A7
:1089500008B1F9F748FE10BD640E002000BFFEE725
:1089600000BFFEE710B52DED028B0446B0EE408A45
:10897000F0EE608AD4F8060090ED010A8A4880ED96
:10898000000A00201DE054F8062F411C02EB810173
:1089900091ED000A8449D1ED000A30EE600A2168A9
:1089A00001EB800181ED000A6268411C02EB81014C
:1089B00091ED000AA41F02EB800181ED000A411C29
:1089C00088B22188491E8142DDDCD4F80610208857
:1089D000801E01EB800090ED000A30EE080A20882E
:1089E000401E01EB800080ED000AD4F80A102088B8
:1089F000401E01EB8000C0ED008AD4F802002188FF
:108A0000884204D2D4F80200401CC4F802001021AD
:108A100004F11A00F8F74AFB21886288891A88B2A3
:108A20004AE054F8061F01EB8001D1ED000A2168ED
:108A300001EB800191ED001A616900EE101A00EE61
:108A4000810A10EE101A616154F8061901EB8001D9
:108A5000D1ED000AD4F81E1000EE101A30EE800A94
:108A600010EE101AC4F81E10D4F8061001EB8001A5
:108A7000D1ED000AD4F80A1001EB800191ED001A43
:108A8000D4F8221000EE101A00EE810A10EE101A2F
:108A9000C4F82210D4F80A1001EB8001D1ED000ACD
:108AA000D4F8261000EE101A30EE800A10EE101ADC
:108AB000C4F82610411C88B221888142B1DCD4F868
:108AC000220000EE100A208800EE900AF8EE600AFC
:108AD00020EE200AD4F81E0000EE900AD4F82600FA
:108AE00001EE100A00EEC10AD4F81A0000EE900A56
:108AF000208801EE100AB8EE411A20EE811AD4F84F
:108B00001E0000EE900A01EE900A00EEE11AC0EE9F
:108B1000010A10EE900AC4F80E009FED240A10EE30
:108B2000100AC4F8160021886288891A88B221E0E8
:108B300054F8061F01EB800191ED001AE16800EE88
:108B4000101AA16800EE901A00EE810A616801EB2C
:108B50008001D1ED000A30EE600AF0EEC00A216912
:108B600000EE101A30EE800A10EE101A2161A41FD8
:108B7000411C88B221888142DADCD4F8160000EE6C
:108B8000100A208800EE900AB8EE601AC0EE010AC2
:108B900010EE900AC4F81600D4F80E0000EE100A89
:108BA000BDEC028B10BD0000C000002000000000E2
:108BB00070B504460D46A41C24F8025C0020206019
:108BC000A80008F091FD6060A80008F08DFDA0608D
:108BD0009FED0C0A10EE100AE0609FED0A0A10EEFD
:108BE000100A2061A9006068F8F782FAA900A0685D
:108BF000A41EF8F77DFA102104F11A00F8F756FACE
:108C000070BD00000000000010B52DED028B044681
:108C1000B0EE408AF0EE608A94F8980000F0800090
:108C200010B1204607F0CEF804F18C00F9F72CFBC8
:108C300010EE100AC4F8900018EE100A206118EE29
:108C4000900A2060206800EE100A206900EE900A69
:108C500030EE600A10EE100AA061D4F8A20018B13C
:108C6000D4F8A21020468847A06900EE100AB5EE9D
:108C7000C00AF1EE10FA03DDA06900EE100A04E06C
:108C8000A06900EE100AB1EE400AA06C00EE900A56
:108C9000B4EEE00AF1EE10FA7EDDD4F8940098BB51
:108CA000606800EE100AA06900EE900A20EE200A2B
:108CB00010EE100A6062A06800EE100AA06900EED3
:108CC000900A60EE200AD4F8900000EE100A20EE20
:108CD000800A10EE100A2063B4F86000022814DD48
:108CE000A06900EE900AD4F8900000EE100A04F19A
:108CF0006200FFF737FEE06800EE900A20EE200ADF
:108D000010EE100AE0627FE016E0A06900EE100AA3
:108D1000E06900EE900A70EE600AE06800EE100A6A
:108D200020EE801AD4F8900000EE100AC1EE000A7E
:108D300010EE900AE06267E0606800EE100AD4F876
:108D40009400006800EE900A70EE200AA06900EE20
:108D5000100A20EE800A10EE100A6062A06800EE91
:108D6000100AD4F89400406800EE900A70EE200AD1
:108D7000A06900EE100A60EE800AD4F8900000EEC0
:108D8000100A20EE800A10EE100A2063B4F860008A
:108D900002281CDDA06900E08EE000EE900AD4F805
:108DA000900000EE100A04F16200FFF7DBFDE068BE
:108DB00000EE900AD4F89400806801EE100A70EE7C
:108DC000810A20EE200A10EE100AE0621CE0E06842
:108DD00000EE100AD4F89400806800EE900A30EE9D
:108DE000201AA06900EE100AE06900EE900A30EE49
:108DF000600A21EE001AD4F8900000EE100AC1EECD
:108E0000000A10EE900AE062D4F8A60018B1D4F877
:108E1000A6102046884794F8980000F0040010B18E
:108E2000204607F04CF894F8980000F0200010B1AC
:108E3000204606F0E3FD94F8980000F0020010B11F
:108E4000204606F07EFE94F8980000F0400010B135
:108E5000204606F04BFE94F8980000F0010010B197
:108E6000204606F0E9FEA06A00EE100A206B00EE34
:108E7000900A30EE200A10EE100AA062606A00EE3E
:108E8000100AA06A00EE900A70EE200AE06A00EE76
:108E9000100A30EE800A10EE100A606394F8980011
:108EA00000F0100010B1204606F03EFF204606F00C
:108EB00066FF204606F0E0FF20696061606BA063FA
:108EC000E06AE063A069E061206B2062606B00EE05
:108ED000100ABDEC028B10BD70B52DED0A8B044657
:108EE000B0EE408AF0EE608AB0EE419AF0EE619A00
:108EF000B0EE42AAF0EE62AAB0EE43BAF0EE63BA68
:108F0000B0EE44CAF0EE64CA0D46164619EE100AD9
:108F1000A06418EE900A606418EE100A20649FEDB9
:108F20001C0A10EE100A206019EE900A60601AEE1A
:108F3000100AA0601AEE900AE0609FED150A10EE8C
:108F4000100A20631BEE100A20651BEE900A606574
:108F50001CEE100AA0651CEE900AE065A4F86050B3
:108F6000294604F16200FFF723FE00208D3444F807
:108F7000010CE6720021E16021618D3CA1200155C8
:108F80009FED030A10EE100A6063BDEC0A8B70BD02
:108F900000000000B0EE401A10B99FED6D0A704756
:108FA00090ED0D0A80ED0E0A90ED0C0A80ED0D0A91
:108FB000C0ED060A80ED071A30EEC10A80ED0C0AFA
:108FC0000178E9BB90ED010AD0ED0C1A20EE210AE0
:108FD00080ED090A90ED0A0AD0ED021A90ED0C2AF4
:108FE00001EE820A80ED0A0A90ED0C0AD0ED0D1A0E
:108FF00030EE610AD0ED031A20EE210A80ED0B0A53
:1090000090ED0A0AD0ED051AB4EEE10AF1EE10FA7D
:1090100004DD90ED050A80ED0A0A10E090ED0A0AE1
:10902000D0ED051AF1EE611AB4EEE10AF1EE10FA94
:1090300005D290ED050AB1EE400A80ED0A0A00E083
:109040002BE090ED090AD0ED0A1A30EE210AD0ED9E
:109050000B1A30EE210A80ED080A90ED080AD0EDD7
:10906000041AB4EEE10AF1EE10FA04DD90ED040A00
:1090700080ED080A69E090ED080AD0ED041AF1EEDF
:10908000611AB4EEE10AF1EE10FA5ED290ED040A34
:10909000B1EE400A80ED080A57E00178012954D169
:1090A00090ED0C0AD0ED0D1A30EE610AD0ED011AE8
:1090B00020EE210A80ED090A90ED020AD0ED0C1A8B
:1090C00020EE210A80ED0A0A90ED0C0AD0ED0D1A6F
:1090D000B0EE002A02EE610AD0ED0E1A30EE210A3F
:1090E000D0ED031A20EE210A80ED0B0A90ED090A5B
:1090F000D0ED0A1A30EE210AD0ED0B1A30EE210A1B
:10910000D0ED081A30EE210A80ED080A90ED080A29
:10911000D0ED041AB4EEE10AF1EE10FA04DD90EDA0
:10912000040A80ED080A10E090ED080AD0ED041A58
:10913000F1EE611AB4EEE10AF1EE10FA05D290ED0B
:10914000040AB1EE400A80ED080A90ED080A26E70D
:1091500000000000B0EE401A10B99FED790A704788
:1091600090ED130A80ED140A90ED120A80ED130AB7
:10917000C0ED090A80ED0A1A30EEC10A80ED120A2C
:109180000178002975D190ED010AD0ED121A20EE78
:10919000210A80ED0C0A90ED0D0AD0ED021A90ED37
:1091A000122A01EE820A80ED0D0A90ED100A80ED80
:1091B000110A90ED0F0A80ED100A90ED120AD0ED21
:1091C000131A30EE610A80ED0F0A90ED030AD0ED1C
:1091D0000F1A20EE210A80ED0E0A90ED0D0AD0ED57
:1091E000071AB4EEE10AF1EE10FA04DD90ED070A79
:1091F00080ED0D0A10E090ED0D0AD0ED071AF1EEAA
:10920000611AB4EEE10AF1EE10FA05D290ED070A08
:10921000B1EE400A80ED0D0A90ED0C0AD0ED0D1A6A
:1092200030EE210AD0ED0E1A30EE210A80ED0B0A45
:1092300090ED0B0AD0ED051AB4EEE10AF1EE10FA4A
:1092400004DD90ED050A80ED0B0A76E090ED0B0A47
:10925000D0ED051AF1EE611AB4EEE10AF1EE10FA62
:109260006BD290ED050AB1EE400A80ED0B0A64E086
:10927000FFE70178012960D190ED120AD0ED131AB1
:1092800030EE610AD0ED011A20EE210A80ED0C0AC1
:1092900090ED020AD0ED121A20EE210A80ED0D0A9F
:1092A00090ED100A80ED110A90ED0F0A80ED100A82
:1092B00090ED120AD0ED131AB0EE002A02EE610A08
:1092C000D0ED141A30EE210A80ED0F0A90ED030A5A
:1092D000D0ED0F1A20EE210A80ED0E0A90ED0C0A57
:1092E000D0ED0D1A30EE210AD0ED0E1A30EE210A23
:1092F000D0ED0B1A30EE210A80ED0B0A90ED0B0A2F
:10930000D0ED051AB4EEE10AF1EE10FA04DD90EDAD
:10931000050A80ED0B0A10E090ED0B0AD0ED051A5E
:10932000F1EE611AB4EEE10AF1EE10FA05D290ED19
:10933000050AB1EE400A80ED0B0A90ED0B0A0EE72C
:109340000000000000B97047017080ED010AC0ED17
:10935000020A80ED031AC0ED051A80ED042ADFED44
:10936000092AC0ED082AC0ED0B2AC0ED0A2AC0ED7B
:10937000092AC0ED0E2AC0ED0D2AC0ED0C2A00BF4F
:10938000E1E70000000000001D48807800F00300C5
:10939000012808D11A48007FC0F3001018B101203D
:1093A000184908700DE01648807800F00300012885
:1093B00007D11348007FC0F3001010B900201149F5
:1093C00008700F48807800F0030048B90C48407FCF
:1093D00000F00300032803D001200A4908700DE0C3
:1093E0000748807800F0030040B90548407F00F04E
:1093F0000300032802D100200249087070470000D2
:1094000068890020E005002007F00CFB4FF4806223
:1094100009490A4806F0BCFD4FF400720849A1F55D
:10942000007008F0B1FE06E006480068401C0549DF
:10943000086008F06BFBF7E750910020389100209E
:10944000388F00207805002070B5044600260025DE
:109450002068C06800F04000C8B92068C06840F0CB
:1094600080002168C860FAF70BFB064608E0FAF7AF
:1094700007FB801BB0F57A7F02D9042060770125B5
:109480002068C06800F0400008B9012DEFD12846DF
:1094900070BD70B5044600252068C06820F08000CB
:1094A0002168C8602068806800F0200030B920463C
:1094B000FBF7F6F910B1042060770125284670BD4E
:1094C0002DE9F04F0C4609AD95E8E010DDE90D8976
:1094D000002104E014F801A000F801A0491C0329B0
:1094E00004DA14F801A0BAF1000FF3D190F803A048
:1094F00062F3020A80F803A090F803A02AF0380A69
:109500000AF1080A80F803A0B0F803A063F3891AEF
:10951000A0F803A090F804A065F3850A80F804A0E1
:109520004FF0000BB0F804A06BF38E1AA0F804A063
:10953000B0F805A06BF3CF1AA0F805A0B0F807A00B
:1095400066F3090AA0F807A0B0F808A067F38C0A30
:10955000A0F808A0B0F809A06CF34F1AA0F809A071
:10956000B0F80BA06FF3090AA0F80BA0B0F80CA09C
:1095700068F38C0AA0F80CA0B0F80DA069F34F1A9C
:10958000A0F80DA0BDE8F08F0449097BC1F380016C
:1095900009B1012000E0002070470000388A002057
:1095A00000200449097BC1F3400109B1012000E01A
:1095B00000207047388A002000200449097B01F010
:1095C000010109B1012000E000207047388A002025
:1095D0007CB504460E46154633460122022120463C
:1095E000009500F039F828B1606D40F0200060650A
:1095F00003207CBD164800681821B0FBF1F0154926
:10960000B0FBF1F04FF47A71484301906068B0F517
:10961000827F0DD13346002280212046009500F044
:109620001BF898B1606D40F0200060650320E0E712
:1096300000BF019800B908E00198401E0190206821
:109640008068C0F3C0100028F3D100BF0020D0E72D
:109650004000002040420F002DE9F84F04460D461F
:1096600090461E46DDF82890FAF70AFAA0EB0900AA
:10967000371AFAF705FA82462C480068C0F3CB3057
:109680007843009046E0701C002843D0FAF7F8F9C0
:10969000A0EB0A00B84200D2A7BB2068406820F0C7
:1096A000E000216848606068B0F5827F0DD1A06855
:1096B000B0F5004F03D0A068B0F5806F05D12068E9
:1096C000006820F0400021680860A06AB0F5005FE3
:1096D0000DD100BF2068006820F4005021680860A8
:1096E0002068006840F400502168086000BF012035
:1096F00084F8510000BF002084F8500000BF032010
:10970000BDE8F88FFFE7009808B9002702E000984D
:10971000401E0090206880682840A84201D10120A6
:1097200000E000204045AED10020E9E740000020E5
:1097300010B58AB004464FF40470049000200690DF
:109740000790082008902748008A401F2649088073
:109750002648008900EE900AF8EE600AB0EE600A32
:10976000F3EE0E0A2248FFF7F5FC1F48008800EED2
:10977000900AF8EE600A30EEC00ABCEEC00A10EEA5
:10978000100A1C4908801848008800EBC00101EB52
:1097900000104FF6FF7101EA800017490880154854
:1097A000008800EBC00101EB00104FF6FF7101EAE9
:1097B00080001249088000208DF808008DF809000B
:1097C0000846008800128DF80A00084600788DF8D7
:1097D0000B0001AB02AA04A92046F8F7CEFF0AB09D
:1097E00010BD000018060020D4050020458A002086
:1097F00080050020D8050020D6050020DA050020CD
:10980000FDF7D6FC00BFFDF73FFD012007F076FA1B
:10981000F9E700BF00F004F80A2008F055FEF9E768
:1098200010B50248FFF784FF10BD0000DC090020DE
:1098300010B500BF502080F31188BFF34F8FBFF3E6
:109840006F8F00BF09F090F818B14FF080500449B5
:10985000086000BF002080F3118800BF10BD000029
:1098600004ED00E000B593B0302107A8F7F740FC05
:10987000142102A8F7F73CFC00BF00200190244807
:10988000006840F08050224908600846006800F0F7
:109890008050019000BF00BF00BF002001901D4814
:1098A000006840F480401B4908600846006800F4E6
:1098B0008040019000BF00BF012007900004089085
:1098C00002200D9041050E9106210F91A8211091C3
:1098D000022111910721129107A8FAF719FD08B189
:1098E000F8F781FE0F2002900220039000200490E0
:1098F0004FF4A05005904FF480500690052102A827
:10990000FAF7A4FB08B1F8F76EFE13B000BD000033
:1099100040380240007000400348006840F4700086
:10992000014908607047000088ED00E010B502486A
:10993000FBF7ABFA10BD00004813002010B5026819
:109940002B4B98420ED0B0F1804F0BD0294B984250
:1099500008D0294B984205D0284B984202D0284B7A
:10996000984203D122F070024B681A43204B984270
:1099700020D0B0F1804F1DD01E4B98421AD01E4B04
:10998000984217D01D4B984214D01D4B984211D0CD
:109990001C4B98420ED01C4B98420BD01B4B98424C
:1099A00008D01B4B984205D01A4B984202D01A4B54
:1099B000984203D122F44072CB681A4322F080030C
:1099C0004C6943EA04028B68C3620B688362084BEC
:1099D000984202D00A4B984201D10B690363036895
:1099E00043F00403036001234361026010BD0000E3
:1099F000000001400004004000080040000C00404E
:109A00000004014000400140004401400048014082
:109A100000180040001C00400020004030B501F05C
:109A20001F05012404FA05F3046A9C430462046AD6
:109A300001F01F0502FA05F52C43046230BD000059
:109A400030B5026A056A25F001050562436884693C
:109A500024F0700424F003040D682C4322F0020269
:109A60008D682A43104DA84200D103E00F4DA84253
:109A700006D100BF22F00802CD682A4322F004027A
:109A8000094DA84202D0094DA84207D123F48073A2
:109A900023F400734D692B438D692B43436084612C
:109AA0004D684563026230BD000001400004014082
:109AB00030B5026A056A25F01005056243688469BD
:109AC00024F4E04424F440740D6844EA052422F0B0
:109AD00020028D6842EA0512124DA84200D103E02F
:109AE000114DA84207D100BF22F08002CD6842EAA2
:109AF000051222F040020B4DA84202D00A4DA842A6
:109B000009D123F4806323F400634D6943EA85039C
:109B10008D6943EA8503436084614D688563026211
:109B200030BD0000000001400004014030B5026A71
:109B3000056A25F4807505624368C46924F07004E1
:109B400024F003040D682C4322F400728D6842EA6D
:109B50000522124DA84200D103E0114DA84207D1C1
:109B600000BF22F40062CD6842EA052222F480623E
:109B70000A4DA84202D00A4DA84209D123F48053CD
:109B800023F400534D6943EA05138D6943EA051335
:109B90004360C4614D68C563026230BD000001408E
:109BA0000004014030B5036A056A25F4805505625A
:109BB0004468C26922F4E04222F440720D6842EA2D
:109BC000052223F400538D6843EA0533084DA8426B
:109BD00002D0084DA84204D124F480444D6944EADF
:109BE00085144460C2614D680564036230BD0000A5
:109BF00000000140000401400368DB6A934202D286
:109C00000368DB6A9AB231B1042907D0082908D069
:109C10000C290CD108E003685A6308E003689A63D2
:109C200005E00368DA6302E003681A6400BF00BF5E
:109C3000704700000A2008F047FC0020094908701E
:109C4000094803F0E1F800BF08480068401C0749D4
:109C500008600749044803F093F8012008F034FC39
:109C6000F2E70000E504002090890020E8040020CD
:109C7000EC89002070B50446A56B0020E8852846D5
:109C8000FBF797FB70BD70B506460025B46B2068E6
:109C90004069C0F3C01594F84100212805D125B1D1
:109CA0000020E084204600F0FBF820684069C0F303
:109CB000801594F84200222805D125B10020E085C6
:109CC000204600F0A7F8606C40F010006064204669
:109CD000FBF76FFB70BD70B50546AC6B286800687C
:109CE00000F48070002842D1E08500BF00BF2168E9
:109CF0000C3151E8001F21F4807021680C3141E8DB
:109D00000002002AF3D100BF00BF00BF2168143158
:109D100051E8001F21F001002168143141E80002E0
:109D2000002AF3D100BF00BF00BF2168143151E801
:109D3000001F21F040002168143141E80002002A90
:109D4000F3D100BF202084F84200206B01280ED1FF
:109D500000BF00BF21680C3151E8001F21F0100046
:109D600021680C3141E80002002AF3D100BF002035
:109D70006063206B012804D1A18D2046FBF7B6FA61
:109D800002E02046FBF790FE70BD70B50546AC6B57
:109D900001206063206B012805D1A08D4108204679
:109DA000FBF7A4FA02E02046FBF77FFE70BD70B51A
:109DB0000546AC6B2868006800F48070F8B9002094
:109DC000E08400BF00BF2168143151E8001F21F07A
:109DD00080002168143141E80002002AF3D100BF5D
:109DE00000BF00BF21680C3151E8001F41F0400066
:109DF00021680C3141E80002002AF3D102E020463C
:109E0000FBF7A2FE70BD70B50446A56B2846FBF7B4
:109E1000A7FE70BD00BF00BF02680C3252E8002FE1
:109E200022F4907102680C3242E80013002BF3D147
:109E300000BF00BF00BF0268143252E8002F22F0BA
:109E400001010268143242E80013002BF3D100BF75
:109E5000016B01290ED100BF00BF02680C3252E82D
:109E6000002F22F0100102680C3242E80013002B90
:109E7000F3D100BF202180F8421000210163704718
:109E800010B504462068C06820F040002168C86012
:109E9000202084F841002046FBF756FE002010BD2C
:109EA00000BF00BF02680C3252E8002F22F0C00150
:109EB00002680C3242E80013002BF3D100BF2021CE
:109EC00080F841107047F8B504460025002694F844
:109ED0004200222873D1A068B0F5805F0BD12069C1
:109EE00048B9A66A20684068C0F308003080A06ABC
:109EF000801CA06214E0A56AA068B0F5805F03D062
:109F0000A06828B9206918B920684068287004E062
:109F10002068406800F07F002870A06A401CA062A2
:109F2000E08D401E80B2E085002846D12068C068E0
:109F300020F020002168C8602068C06820F480708C
:109F40002168C8602068406920F0010021684861EC
:109F5000202084F8420000206063206B012826D175
:109F60000020206300BF00BF21680C3151E8001FB2
:109F700021F0100021680C3141E80002002AF3D1E1
:109F800000BF2068006800F0100010280AD100BF50
:109F900000200090206800680090206840680090D1
:109FA00000BF00BFA18D2046FBF7A0F902E02046CC
:109FB000FBF77AFD0020F8BD01E00020FBE702205E
:109FC000F9E700002DE9F84F04462068006920F405
:109FD0004050E1680843216808612169A06808438E
:109FE00061690843E169084300902068C06849F24C
:109FF0000C618843009908432168C8602068406963
:10A0000020F44070A16908432168486176492068BE
:10A01000884203D075492068884203D1FAF710F9C5
:10A02000814602E0FAF7FCF88146E069B0F5004F9E
:10A030006CD102206168A0FB015003461920A9FBE6
:10A04000007001462A463846F6F73AFF6421B0FB15
:10A05000F1F04FEA001A02206168A0FB01510B46A3
:10A060001920A9FB00712A463846F6F729FF8346D6
:10A0700002206168A0FB015003461920A9FB007172
:10A080002A463846F6F71CFF6421B0FBF1F000EBDE
:10A09000C00101EB0010ABEB8000322101EBC000EE
:10A0A0006421B0FBF1F000F0F8000AEB400A022056
:10A0B0006168A0FB015003461920A9FB007001460E
:10A0C0002A463846F6F7FCFE834602206168A0FB6C
:10A0D000015003461920A9FB00712A463846F6F7BD
:10A0E000EFFE6421B0FBF1F000EBC00101EB0010CA
:10A0F000ABEB8000322101EBC0006421B0FBF1F03A
:10A1000000F007005044216888606AE0042061681C
:10A11000A0FB015003461920A9FB007001462A4606
:10A120003846F6F7CDFE824604206168A0FB015058
:10A1300003461920A9FB007001462A463846F6F767
:10A14000BFFE6421B0FBF1F000EBC00101EB001099
:10A15000AAEB8000322101EB00106421B0FBF1F08A
:10A1600000F0F00A04206168A0FB0170034619208A
:10A17000A9FB00513A462846F6F7A2FE6421B0FB3F
:10A18000F1F00AEB001A04206168A0FB01510B46B4
:10A190001920A9FB00712A463846F6F791FE83463E
:10A1A00004206168A0FB015003461920A9FB007040
:10A1B00001462A463846F6F783FE6421B0FBF1F0EB
:10A1C00000EBC00101EB0010ABEB8000322101EB92
:10A1D00000106421B0FBF1F000F00F005044216842
:10A1E0008860BDE8F88F00000010014000140140B5
:10A1F00077B581B0044615460298A062A585002077
:10A200006064222084F842002C48E16BC8632C482B
:10A21000E16B08642B48E16BC8640020E16B0865C2
:10A2200002AE32682368191D2B46E06BF9F7BAFAC3
:10A2300038B110206064202084F84200012004B06E
:10A2400070BD00BF0020009020680068009020686A
:10A250004068009000BF00BF206970B100BF00BF20
:10A2600021680C3151E8001F41F4807021680C31E5
:10A2700041E80002002AF3D100BF00BF00BF2168FF
:10A28000143151E8001F41F001002168143141E808
:10A290000002002AF3D100BF00BF00BF21681431C3
:10A2A00051E8001F41F040002168143141E80002EC
:10A2B000002AF3D100BF0020C1E70000D79C0008AE
:10A2C0008B9D0008879C0008014691F841002128D9
:10A2D00028D18868B0F5805F0BD1086948B90A6A4F
:10A2E0001088C0F308000B685860086A801C086278
:10A2F00005E00B6A581C086218780B685860C88C17
:10A30000401E80B2C88458B90868C06820F0800038
:10A310000B68D8600868C06840F040000B68D860DF
:10A32000002070470220FCE700B589B040F22D10F4
:10A330004FF407724FF47073CDE905200493079032
:10A3400087202D21012200920623CDE901210390CF
:10A350002CA12D48F7F775F840F227104FF407723B
:10A360004FF47073CDE905200493079087202D21C9
:10A37000012200920623CDE90121039023A1244864
:10A38000F7F75FF840F2F22040F29541421F4B1F71
:10A39000CDE90232CDE904100120009006230246E7
:10A3A0001CA101901C48FDF706FF40F2471040F247
:10A3B0009541821D4B1FCDE90232CDE904100120E9
:10A3C00000900623024615A101901548FDF7F3FE03
:10A3D0004FF495704FF407724FF47073CDE9052078
:10A3E0000493079087202D21052200920623CDE9B2
:10A3F0000121039001220BA10B48F7F722F809B0C5
:10A4000000BD0000373131007DA10020373132001E
:10A410008CA10020373133009BA10020373134005C
:10A42000AAA1002037313500B9A1002000B589B0BC
:10A43000344890ED030A60EE000A9FED331A9FED59
:10A44000330A00EEC10A324880ED000A90ED000A9E
:10A45000DFED300AB4EEE00AF1EE10FA03DB9FED17
:10A460002D0A80ED000A274890ED030AF3EE000A5A
:10A47000B4EEE00AF1EE10FA1CDB4FF495704FF4E5
:10A4800007724FF47073CDE905200493079087207D
:10A490001F4991ED000ABCEEC00A05210622CDE954
:10A4A00000218DED020A134602221BA103901B48D6
:10A4B000F6F7C7FF134890ED030AF3EE000AB4EE77
:10A4C000E00AF1EE10FA1BD24FF495704FF40772C8
:10A4D0004FF47073CDE905200493079087200C4951
:10A4E00091ED000ABCEEC00A0521009101918DEDAD
:10A4F000020A0623022208A103900848F6F7A1FFEA
:10A5000009B000BD9C8800207B142E3E000007434C
:10A51000740700200000064337313500B9A1002040
:10A5200005480078054908800846008800F58070D5
:10A530000349088070470000388A00201607002071
:10A540001807002000B587B04FF4077040F21A4199
:10A5500003220123CDE90232CDE904100F20CDE919
:10A5600000200648D0ED1D0AB0EE600A0723012244
:10A5700003A10448F8F74EF807B000BD6C9700201F
:10A5800031383100C8A1002000B52DED048B87B013
:10A590003E4890ED1D0A10EE101A084609F090FE94
:10A5A00041EC190B3A4890ED000B53EC102B51EC99
:10A5B000190B09F083FB41EC180B9FED360B53ECA4
:10A5C000102B09F043F81BD9304890ED1D0A10EE0E
:10A5D000101A084609F074FE41EC190B2C4890ED56
:10A5E000000B53EC102B51EC190B09F067FB41ECFD
:10A5F000180B9FED2A0B53EC102B09F002FA36D8FA
:10A60000284880788009C8B94FF4077040F21A4191
:10A6100003220123CDE90232CDE904100F200621E7
:10A62000CDE900101948D0ED1D0AB0EE600A0723ED
:10A6300002221DA11D48F7F7EDFF18E04FF4077047
:10A6400040F21A4103220123CDE90232CDE9041080
:10A650000F200521CDE900100C48D0ED1D0AB0EE09
:10A66000600A0723022210A11048F7F7D3FF07481A
:10A6700090ED1D0A10EE101A084609F021FE044A5A
:10A6800003C207B0BDEC048B00BD00006C97002036
:10A69000780700209A9999999999B93F9A99999927
:10A6A0009999B9BF6889002031383100C8A10020CC
:10A6B00010B586B00446A5208DF80800254800781E
:10A6C0008DF80B003320ADF8090023480299016092
:10A6D0009DF80C100171052103F06EFF40F201306E
:10A6E00001901D48BDF80410A0F805104FF48870C3
:10A6F000ADF80D001948018802A8ADF80F101848F0
:10A70000018802A8ADF811101348C01DDDF80D1026
:10A710000160BDF8111081800F222146801DF6F7DF
:10A7200046FC1E2204F10F010B481C30F6F73FFCDB
:10A730003C21094803F028FF3C2207490948FBF760
:10A74000B5F90949086003480078401C01490870C0
:10A7500006B010BD14070020DC9C00201607002066
:10A76000180700203C0C00201C0700200FB410B577
:10A770008AB000BF9A4800780028FBD00020984992
:10A7800008700DA80090A5208DF818009548007855
:10A790008DF81B0040F2013001909348018806A813
:10A7A000ADF81F109148018806A8ADF821100C984B
:10A7B000012806D0022841D005287DD007287CD169
:10A7C000BEE040F20110ADF81D001520ADF81900F3
:10A7D0008748069901609DF81C100171052103F05E
:10A7E000EBFE8348BDF80410A0F80510C01DDDF88D
:10A7F0001D100160BDF821108180002411E0009936
:10A8000001F11000009091E80D00C968CDE9032323
:10A81000059102900F2202A975480D30F6F7C7FB8B
:10A82000641C0C988442EADB1E21714803F0ACFEE4
:10A830001E226F496F48FBF739F9C8E04FF4817069
:10A84000ADF81D002420ADF819006B480699016091
:10A850009DF81C100171052103F0AEFE6648BDF89D
:10A860000410A0F80510C01DDDF81D100160BDF832
:10A8700021108180002414E0009901F11000009063
:10A88000D1E901030A68C968CDE90431CDE90220A4
:10A8900059490D310F2202FB041002A9F6F787FB7C
:10A8A000641C0C988442E7DB2D21534803F06CFEB6
:10A8B0002D2251494F4801E003E082E0FBF7F6F812
:10A8C00085E040F20310ADF81D005120ADF81900ED
:10A8D0004A48069901609DF81C100171052103F09A
:10A8E0006BFE4648BDF80410A0F80510C01DDDF849
:10A8F0001D100160BDF821108180002413E0009933
:10A9000001F11000009091E80D00C968CDE9032322
:10A910000591029039490D310F2202FB041002A962
:10A92000F6F745FB641C0C988442E8DB5A21334857
:10A9300003F02AFE5A2231492E48FBF7B7F846E0C9
:10A940004FF48270ADF81D006F20ADF819002C484F
:10A95000069901609DF81C100171052103F02CFE81
:10A960002748BDF80410A0F80510C01DDDF81D1023
:10A970000160BDF821108180002413E0009901F1ED
:10A980001000009091E80D00C968CDE903230591FE
:10A9900002901B490D310F2202FB041002A9F6F7A9
:10A9A00006FB641C0C988442E8DB7821144803F011
:10A9B000EBFD782212490F48FBF778F8114908702F
:10A9C00005E04FF0FF300AB010BC5DF814FB00BF8B
:10A9D00004480078401C034908700020F3E7000099
:10A9E0001B0700201407002016070020180700206E
:10A9F000BF9B00203C0C0020DD9B00200A9C002017
:10AA0000649C00201A0700209EB000BFFE4800682A
:10AA1000401CFD490860FFF783FDFC48007F0121D1
:10AA2000B1EBD01F7ED100F0B5FB00F0FDFF00F0D0
:10AA300015FB01F0D9FD00F0CFFE01F0C5F900F0E3
:10AA4000ADFA01F02BFAFFF77DFD00F0A9FEFFF74C
:10AA50006BFC01F0E9FAEE48FFF72AFE232006F02E
:10AA60004DF9EC48FFF724FE232006F047F9EA48A9
:10AA7000FFF71EFE232006F041F9E848FFF718FE15
:10AA8000232006F03BF9E648FFF712FE232006F0EC
:10AA900035F90F22E34915A8F6F789FA0F22E249A2
:10AAA00011A8F6F784FA0F22E0490DA8F6F77FFA0D
:10AAB0000F22DF4909A8F6F77AFA0F22DD4905A827
:10AAC000F6F775FA0F22DC4901A8F6F770FADB48B1
:10AAD0008189ADF80010807B8DF802000F22D749E4
:10AAE0001AA8F6F764FA07201AA90EC9FFF73EFE66
:10AAF000282006F003F90F22D14915A8F6F757FAD6
:10AB00000F22D04911A8F6F752FA0F22CE490DA80C
:10AB1000F6F74DFA0F22CD4909A8F6F748FA0F22A9
:10AB2000CB4900E0BCE005A8F6F741FA0F22C9497D
:10AB300001A8F6F73CFAC8488189ADF80010807B7F
:10AB40008DF802000F22C4491AA8F6F730FA072040
:10AB50001AA90EC9FFF70AFE282006F0CFF80F2227
:10AB6000BE490DA8F6F723FA0F22BD4909A8F6F74A
:10AB70001EFA0F22BB4905A8F6F719FA0F22BA49A7
:10AB800001A8F6F714FAB9488189ADF80010807B66
:10AB90008DF802000F22B5491AA8F6F708FA052029
:10ABA0001AA90EC9FFF7E2FD282006F0A7F80F2228
:10ABB000AD490DA8F6F7FBF90F22AD4909A8F6F744
:10ABC000F6F90F22AB4905A8F6F7F1F90F22AA49C9
:10ABD00001A8F6F7ECF9A9488189ADF80010807B4F
:10ABE0008DF802000F22A5491AA8F6F7E0F9052012
:10ABF0001AA90EC9FFF7BAFD282006F07FF8A04871
:10AC00008189ADF80010807B8DF802000F229C49ED
:10AC10001AA8F6F7CCF901201AA90EC9FFF7A6FD6C
:10AC2000282006F06BF897488189ADF80010807BEA
:10AC30008DF802000F2293491AA8F6F7B8F90120FF
:10AC40001AA90EC9FFF792FD282006F057F80F2227
:10AC50008D490DA8F6F7ABF90F228C4909A8F6F734
:10AC6000A6F90F228A4905A8F6F7A1F90F2289490A
:10AC700001A8F6F79CF988488189ADF80010807B1F
:10AC80008DF802000F2284491AA8F6F790F90520E2
:10AC90001AA90EC9FFF76AFD282006F02FF85EE119
:10ACA00000F054FF00F0B0FA01F054FD00F014FE83
:10ACB000FFF76AFCFFF7BAFB01F07AFA5448FFF796
:10ACC000F7FC232006F01AF85248FFF7F1FC232086
:10ACD00006F014F85048FFF7EBFC232006F00EF8BE
:10ACE0004E48FFF7E5FC232006F008F84C48FFF734
:10ACF000DFFC232006F002F80F224A4915A8F6F7D8
:10AD000056F90F22484911A8F6F751F90F22474981
:10AD10000DA8F6F74CF90F22454909A8F6F747F9AF
:10AD20000F22444905A8F6F742F90F22424901A82B
:10AD3000F6F73DF941488189ADF80010807B8DF828
:10AD400002000F223D491AA8F6F731F907201AA987
:10AD50000EC9FFF70BFD282005F0D0FF0F22434955
:10AD600015A8F6F724F90F224C4911A8F6F71FF998
:10AD70000F2245490DA8F6F71AF90F22434909A8F1
:10AD8000F6F715F90F22424905A8F6F710F90F2238
:10AD9000404901A8F6F70BF93F488189ADF800104A
:10ADA000807B8DF802000F223B491AA8F6F7FFF8C6
:10ADB00007201AA90EC9FFF7D9FC282005F09EFF2D
:10ADC0000F221F4915A8F6F7F2F80F221D4911A806
:10ADD000F6F7EDF80F221C490DA8F6F7E8F80F2258
:10ADE0001A4909A8F6F7E3F80F22194905A8F6F75A
:10ADF000DEF80F22174901A8F6F7D9F8164881891D
:10AE0000ADF80010807B4BE04007002068890020EF
:10AE10009E9E0020CB9E0020F89E0020259F0020B3
:10AE2000529F0020C9A00020CA9F0020BB9F002085
:10AE3000AC9F00209D9F00208E9F00207F9F0020C0
:10AE400033A0002024A0002015A0002006A0002090
:10AE5000F79F0020E89F0020D99F0020719E0020CE
:10AE6000629E0020539E0020449E0020B9A1002035
:10AE7000359E0020269E0020179E0020089E002060
:10AE8000809E00208F9E00207EA000206FA00020CA
:10AE900060A0002051A0002042A00020C8A10020F6
:10AEA0008DF802000F2231491AA8F6F780F8072022
:10AEB0001AA90EC9FFF75AFC282005F01FFF0F2220
:10AEC0002B490DA8F6F773F80F222A4909A8F6F7BF
:10AED0006EF80F22284905A8F6F769F80F222749CE
:10AEE00001A8F6F764F826488189ADF80010807B48
:10AEF0008DF802000F2222491AA8F6F758F805200B
:10AF00001AA90EC9FFF732FC282005F0F7FE0F2220
:10AF10001C490DA8F6F74BF80F221B4909A8F6F7B4
:10AF200046F80F22194905A8F6F741F80F221049F3
:10AF300001A8F6F73CF816488189ADF80010807B2F
:10AF40008DF802000F2212491AA8F6F730F80520F2
:10AF50001AA90EC9FFF70AFC282005F0CFFE0D48FC
:10AF6000F7F792F90C4880ED000A4FE5D99F0020D1
:10AF7000449E0020359E0020269E0020179E002023
:10AF8000089E0020719E0020629E0020539E00209B
:10AF9000B9A10020380700203C07002000B587B089
:10AFA000002050214FF4A2620323CDE90232CDE903
:10AFB00004101920072101231A46CDE900101FA112
:10AFC0001F48FCF7ABFA0020502140F2295203231E
:10AFD000CDE90232CDE904101920072101231A46D8
:10AFE000CDE9001017A11848FCF798FA002050216D
:10AFF00040F242520323CDE90232CDE90410192078
:10B00000072101231A46CDE9001010A11048FCF7D2
:10B0100085FA0020502140F25B520323CDE9023231
:10B02000CDE904101920072101231A46CDE90010AB
:10B0300008A10948FCF772FA07B000BD31353100AC
:10B04000C9A0002031353200D8A0002031353300AE
:10B05000E7A0002031353400F6A0002000B587B00D
:10B0600040F2752040F2D7514FF4137240F2EA5388
:10B07000CDE90232CDE904100420082101231A464B
:10B08000CDE9001037A13848FDF795F840F275205A
:10B0900040F2D7514FF4137240F2C453CDE902325B
:10B0A000CDE904100420082101231A46CDE900103F
:10B0B0002EA12F48FDF77FF840F2762040F2D751BD
:10B0C0004FF40772CDE90212CDE9041005200821E2
:10B0D00001231A46CDE9001026A12748FDF76BF899
:10B0E00040F2452040F219614FF4077240F20663C6
:10B0F000CDE90232CDE904100420082101231A46CB
:10B10000CDE900101DA11E48FDF755F840F245207D
:10B1100040F2F3514FF4077240F20663CDE9023278
:10B12000CDE904100420082101231A46CDE90010BE
:10B1300014A11548FDF73FF840F2762040F2066171
:10B1400040F21B22CDE90212CDE9041004200821AF
:10B1500001231A46CDE900100CA10D48FDF72BF88C
:10B1600007B000BD313131007F9F00203131320006
:10B170008E9F0020313133009D9F002031313400FB
:10B18000AC9F002031313500BB9F002031313600AB
:10B19000CA9F002000B587B016480068401C1549BA
:10B1A000086040F26D1040F252212322D423CDE9F1
:10B1B0000232CDE904100320009001231A460EA1AB
:10B1C00001900E48FCF7F7FF182040F2CA614FF4D7
:10B1D000AB7240F23953CDE90232CDE904100320BD
:10B1E000009001231A4606A101900648FCF7E3FFF0
:10B1F00007B000BD4407002039390000809E0020C0
:10B20000313030008F9E002000B587B040F27520AD
:10B2100040F2D7514FF4137240F2EA53CDE90232B3
:10B22000CDE904100420032101230222CDE90010FE
:10B23000FCA1FD48FCF7BFFF40F2752040F2D7515A
:10B240004FF4137240F2C453CDE90232CDE9041039
:10B250000420032101230222CDE90010F3A1F448C8
:10B26000FCF7A9FF40F2762040F2D7514FF4077265
:10B27000CDE90212CDE904100520032101230222A9
:10B28000CDE90010EBA1EC48FCF795FF40F245201A
:10B2900040F219614FF4077240F20663CDE90232C1
:10B2A000CDE904100420032101230222CDE900107E
:10B2B000E2A1E348FCF77FFF40F2452040F2F35162
:10B2C0004FF4077240F20663CDE90232CDE9041073
:10B2D0000420032101230222CDE90010D9A1DA487C
:10B2E000FCF769FF40F2762040F2066140F21B2233
:10B2F000CDE90212CDE9041004200321012302222A
:10B30000CDE90010D1A1D248FCF755FFD148C07853
:10B31000C0F3810002287DD1CE4890F82400C009F6
:10B32000002878D140F2752040F2D7514FF41372C3
:10B3300040F2EA53CDE90232CDE9041004200321A2
:10B3400001230222CDE90010B6A1B748FCF733FF74
:10B3500040F2752040F2D7514FF4137240F2C453BB
:10B36000CDE90232CDE90410042003210123022299
:10B37000CDE90010ADA1AE48FCF71DFF40F27620EC
:10B3800040F2D7514FF40772CDE90212CDE9041013
:10B390000520032101230222CDE90010A5A1A64822
:10B3A000FCF709FF40F2452040F219614FF40772A3
:10B3B00040F20663CDE90232CDE9041004200321F6
:10B3C00001230222CDE900109CA19D48FCF7F3FE69
:10B3D00040F2452040F2F3514FF4077240F2066309
:10B3E000CDE90232CDE90410042003210123022219
:10B3F000CDE9001093A19448FCF7DDFE40F27620E1
:10B4000040F2066140F21B22CDE90212CDE90410A0
:10B41000042001E08BE009E0032101230222CDE9B1
:10B4200000108AA18A48FCF7C6FEABE140F2752005
:10B4300040F2D7514FF4137240F2EA53CDE9023291
:10B44000CDE904100420082101230222CDE90010D7
:10B4500074A17548FCF7AFFE40F2752040F2D75159
:10B460004FF4137240F2C453CDE90232CDE9041017
:10B470000420082101230222CDE900106BA16C48B1
:10B48000FCF799FE40F2762040F2D7514FF4077254
:10B49000CDE90212CDE90410052008210123022282
:10B4A000CDE9001063A16448FCF785FE40F2452019
:10B4B00040F219614FF4077240F20663CDE902329F
:10B4C000CDE904100420082101230222CDE9001057
:10B4D0005AA15B48FCF76FFE40F2452040F2F35161
:10B4E0004FF4077240F20663CDE90232CDE9041051
:10B4F0000420082101230222CDE9001051A1524865
:10B50000FCF759FE40F2762040F2066140F21B2221
:10B51000CDE90212CDE90410042008210123022202
:10B52000CDE9001049A14A48FCF745FE2AE14A4806
:10B5300090F84800002874D140F2752040F2D751AD
:10B540004FF4137240F2EA53CDE90232CDE9041010
:10B550000420082101230222CDE9001031A1324844
:10B56000FCF729FE40F2752040F2D7514FF41372D8
:10B5700040F2C453CDE90232CDE904100420082181
:10B5800001230222CDE9001028A12948FCF713FE6F
:10B5900040F2762040F2D7514FF40772CDE9021203
:10B5A000CDE904100520082101230222CDE9001075
:10B5B00020A12148FCF7FFFD40F2452040F219612F
:10B5C0004FF4077240F20663CDE90232CDE9041070
:10B5D0000420032101230222CDE9001017A11848FD
:10B5E000FCF7E9FD40F2452040F2F3514FF40772B9
:10B5F00040F20663CDE90232CDE9041004200321B4
:10B6000001230222CDE900100EA10F48FCF7D3FD63
:10B6100040F2762040F2066140F21B22CDE9021290
:10B620001CE029E0313131007F9F002031313200B0
:10B630008E9F0020313133009D9F00203131340036
:10B64000AC9F002031313500BB9F002031313600E6
:10B65000CA9F002068890020DC950020CDE90410F5
:10B660000420032101230222CDE90010AFF22401BE
:10B670004548FCF7A0FD85E040F2752040F2D75127
:10B680004FF4137240F2EA53CDE90232CDE90410CF
:10B690000420032101230222CDE90010AFF27C0136
:10B6A0003A48FCF788FD40F2752040F2D7514FF43C
:10B6B000137240F2C453CDE90232CDE904100420E4
:10B6C000032101230222CDE90010AFF2A00130488E
:10B6D000FCF771FD40F2762040F2D7514FF407722B
:10B6E000CDE90212CDE90410052003210123022235
:10B6F000CDE90010AFF2C4012648FCF75CFD40F232
:10B70000452040F219614FF4077240F20663CDE91B
:10B710000232CDE904100420082101230222CDE9E0
:10B720000010AFF2E8011C48FCF745FD40F245204F
:10B7300040F2F3514FF4077240F20663CDE9023252
:10B74000CDE904100420082101230222CDE90010D4
:10B75000AFF210111148FCF72EFD40F2762040F2B6
:10B76000066140F21B22CDE90212CDE9041004204B
:10B77000082101230222CDE90010AFF23011024866
:10B78000FCF719FD07B000BDCA9F00207F9F002075
:10B790008E9F00209D9F0020AC9F0020BB9F00201B
:10B7A00000B587B00020882140F212220323CDE9A2
:10B7B0000232CDE904101920072101231A46CDE9F0
:10B7C000001003A10348FBF7A9FE07B000BD00006D
:10B7D00031393100D7A1002000B587B04FF4E770B0
:10B7E00040F22A614FF4B963CDE90230CDE904108B
:10B7F0000520082101231A46CDE900102CA12D486F
:10B80000FCF7D9FC4FF4C47040F22A614FF4B963DD
:10B81000CDE90230CDE904100520082101231A46A4
:10B82000CDE9001024A12548FCF7C5FC4FF4C470F5
:10B8300040F2FA5140F2CD12CDE90212CDE90410E6
:10B840000420082101231A46CDE900101CA11D483F
:10B85000FCF7B1FC4FF4C4704FF4B96140F2CD1263
:10B8600040F2F953CDE90232CDE904100420082159
:10B8700001231A46CDE9001013A11448FCF79BFCE4
:10B880004FF4C47040F22B6140F2CD1240F2FA53F3
:10B89000CDE90232CDE904100420082101231A4623
:10B8A000CDE900100AA10B48FCF785FC07B000BDEC
:10B8B0003133310042A000203133320051A000204A
:10B8C0003133330060A00020313334006FA00020FA
:10B8D000313335007EA0002000B587B04B4890F88A
:10B8E0002400C0F38000A0B94FF4C47040F22A6174
:10B8F0004FF4B963CDE90230CDE9041005200321EE
:10B9000001230222CDE9001041A14248FCF753FC7B
:10B9100013E04FF4C47040F22A614FF4B963CDE9EB
:10B920000230CDE904100520082101230222CDE9CF
:10B93000001037A13748FCF73EFC344890F824004B
:10B94000C0F3C000B0B94FF4C4704FF4B96140F215
:10B95000CD1240F2F953CDE90232CDE904100420B2
:10B96000032101230222CDE900102BA12B48FCF773
:10B9700022FC15E04FF4C4704FF4B96140F2CD12CF
:10B9800040F2F953CDE90232CDE904100420082138
:10B9900001230222CDE900101FA12048FCF70BFC77
:10B9A0001A4890F82400C0F30010B0B94FF4C470E6
:10B9B00040F22B6140F2CD1240F2FA53CDE902324F
:10B9C000CDE904100420032101230222CDE9001057
:10B9D00013A11448FCF7EFFB15E04FF4C47040F2DC
:10B9E0002B6140F2CD1240F2FA53CDE90232CDE99B
:10B9F00004100420082101230222CDE9001008A12F
:10BA00000848FCF7D8FB07B000BD0000688900209B
:10BA10003133320051A00020313334006FA00020B8
:10BA2000313335007EA000202DE9F04188B038A4E4
:10BA300038A539A639A70FF2E80840F25F20962111
:10BA40000122CDE90504CDE90321232005210822A7
:10BA50000123CDE9002102901A4632A13248F6F7BF
:10BA6000B5FA40F25F20D2210122CDE90505CDE9EA
:10BA700003212320052108220123CDE90021029082
:10BA80001A462AA12A48F6F7A1FA40F25F204FF49D
:10BA900087710122CDE90506CDE903212320052187
:10BAA00008220123CDE9002102901A4621A1224853
:10BAB000F6F78CFA40F25F204FF4A5710122CDE930
:10BAC0000507CDE903212320052108220123CDE923
:10BAD000002102901A4619A11948F6F777FA40F2A8
:10BAE0005F204FF4C3710122CDE90508CDE90321A0
:10BAF0002320052108220123CDE9002102901A46C6
:10BB000010A11148F6F762FA08B0BDE8F081000014
:10BB10004300000047000000530000004B000000FD
:10BB20005A000000313031009E9E0020313032003A
:10BB3000CB9E002031303300F89E0020313034009D
:10BB4000259F002031303500529F002000B587B07E
:10BB5000FDF726FDA8B98C48006840F25F219622C7
:10BB60000123CDE90332CDE9051023200521082268
:10BB7000CDE900210290022284A18548F6F726FA39
:10BB800014E08148006840F25F2196220123CDE94C
:10BB90000332CDE90510232005210322CDE9002140
:10BBA0000290022279A17A48F6F710FAFDF704FD17
:10BBB000A8B97848006840F25F21D2220123CDE97C
:10BBC0000332CDE90510232005210822CDE900210B
:10BBD0000290022270A17148F6F7F8F914E06D485E
:10BBE000006840F25F21D2220123CDE90332CDE982
:10BBF0000510232005210322CDE900210290022215
:10BC000065A16648F6F7E2F9FDF7BEFCB0B96448F5
:10BC1000006840F25F214FF487720123CDE90332BF
:10BC2000CDE90510232005210822CDE9002102904D
:10BC300002225CA15C48F6F7C9F915E05848006893
:10BC400040F25F214FF487720123CDE90332CDE941
:10BC50000510232005210322CDE9002102900222B4
:10BC600050A15148F6F7B2F95048807800F003002F
:10BC7000B0B94F48006840F25F214FF4A57201232C
:10BC8000CDE90332CDE90510232005210822CDE9B5
:10BC900000210290022247A14748F6F797F915E0E4
:10BCA0004348006840F25F214FF4A5720123CDE9BB
:10BCB0000332CDE90510232005210322CDE900211F
:10BCC000029002223BA13C48F6F780F9374890F8F1
:10BCD0002400C0F34010E0B134488078C0F3810004
:10BCE000032816D13548006840F25F214FF4C37233
:10BCF0000123CDE90332CDE90510232005210322DC
:10BD0000CDE90021029002222DA12E48F6F75EF91E
:10BD100037E0264890F82400C0F34010D8B92348F3
:10BD20008078C0F38100032815D12448006840F2D0
:10BD30005F214FF4C3720123CDE90332CDE9051031
:10BD40002320052100910222CDE901101CA11D48EC
:10BD5000F6F73CF915E01948006840F25F214FF40E
:10BD6000C3720123CDE90332CDE90510232005215B
:10BD70000822CDE900210290022211A11148F6F714
:10BD800025F907B000BD0000480700203130310020
:10BD90009E9E00204C07002031303200CB9E0020B8
:10BDA0005007002031303300F89E002068890020C1
:10BDB0005407002031303400259F00205807002010
:10BDC00031303500529F002000B587B04FF4F3703A
:10BDD00040F2746140F2B51240F25263CDE9023292
:10BDE000CDE904100520082101231A46CDE90010F1
:10BDF00022A12348FCF7DFF94FF4DB704FF4D26146
:10BE00004FF4BD7240F26963CDE90232CDE904100E
:10BE10000520082101231A46CDE9001019A11A486E
:10BE2000FCF7C9F94FF4DA7040F28F6140F25363C6
:10BE3000CDE90230CDE904100520082101231A467E
:10BE4000CDE9001011A11248FCF7B5F94FF4F370D9
:10BE500040F249614FF4BE7240F29463CDE9023280
:10BE6000CDE904100520082102230122CDE90010AC
:10BE700008A10948FCF79FF907B000BD3134310033
:10BE80008DA00020313432009CA0002031343300DA
:10BE9000ABA0002031343400BAA0002000B587B038
:10BEA00040F2F9104FF46F714FF40772CDE90212AE
:10BEB000CDE904100220012103460A46CDE9001015
:10BEC00049A14A48FCF777F940F2F9104FF466713E
:10BED0004FF40772CDE90212CDE9041002200121CE
:10BEE00003460A46CDE9001041A14248FCF763F938
:10BEF0004FF4FA704FF46F714FF407724FF466739A
:10BF0000CDE90232CDE904100220012103460A46A0
:10BF1000CDE9001038A13948FCF74DF940F2F9108D
:10BF20004FF46F714FF46673CDE90230CDE9041020
:10BF30000220012103460A46CDE9001030A1314814
:10BF4000FCF739F940F2D11040F21F4140F25D2276
:10BF5000CDE90212CDE904100220012103460A4670
:10BF6000CDE9001028A12948FCF725F940F2D110AD
:10BF700040F2753140F25D22CDE90212CDE90410A4
:10BF80000220012103460A46CDE9001020A12148E4
:10BF9000FCF711F940F25D2040F21F4140F2753389
:10BFA000CDE90230CDE904100220012103460A4602
:10BFB000CDE9001018A11948FCF7FDF840F2D110A6
:10BFC00040F21F4140F27533CDE90230CDE9041053
:10BFD0000220012103460A46CDE9001010A11148B4
:10BFE000FCF7E9F807B000BD3136310005A10020AB
:10BFF0003136320014A100203136330023A1002055
:10C000003136340032A100203136350041A1002004
:10C010003136360050A10020313637005FA10020B4
:10C02000313638006EA1002000B587B040F22D20D7
:10C0300040F2F2314FF46C73CDE90230CDE90410D7
:10C040000320082101231A46CDE9001048A14948E0
:10C05000FCF7B1F84FF4FA7040F2F23140F22D22C1
:10C06000CDE90212CDE904100320082101231A466C
:10C07000CDE9001040A14148FCF79DF84FF4FA705B
:10C0800040F2F2314FF46C73CDE90230CDE9041087
:10C090000320082101231A46CDE9001038A13948B0
:10C0A000FCF789F84FF4FA704FF46C7140F22D22CE
:10C0B000CDE90212CDE904100320082101231A461C
:10C0C000CDE9001030A13148FCF775F840F241206D
:10C0D00040F21A414FF47173CDE90230CDE90410FA
:10C0E0000320082101231A46CDE9001028A1294880
:10C0F000FCF761F84FF4F07040F21A4140F241222F
:10C10000CDE90212CDE904100320082101231A46CB
:10C11000CDE9001020A12148FCF74DF84FF4F07054
:10C1200040F21A414FF47173CDE90230CDE90410A9
:10C130000320082101231A46CDE9001018A119484F
:10C14000FCF739F84FF4F0704FF4717140F241226E
:10C15000CDE90212CDE904100320082101231A467B
:10C16000CDE9001010A11148FCF725F807B000BD7B
:10C1700033343800089E002033343900179E0020E5
:10C1800033353000269E002033353100359E0020A7
:10C1900033353200449E002033353300539E002057
:10C1A00033353400629E002033353500719E002007
:10C1B00000B587B0FB488078800900287DD1F94818
:10C1C00090F82400C0F38000002876D040F22D20A3
:10C1D00040F2F2314FF46C73CDE90230CDE9041036
:10C1E0000320082101230222CDE90010EEA1EF482F
:10C1F000FBF7E1FF4FF4FA7040F2F23140F22D22EA
:10C20000CDE90212CDE90410032008210123022206
:10C21000CDE90010E6A1E748FBF7CDFF4FF4FA7037
:10C2200040F2F2314FF46C73CDE90230CDE90410E5
:10C230000320082101230222CDE90010DEA1DF48FE
:10C24000FBF7B9FF4FF4FA704FF46C7140F22D22F6
:10C25000CDE90212CDE904100320082101230222B6
:10C26000CDE90010D6A1D748FBF7A5FF40F2412049
:10C2700040F21A414FF47173CDE90230CDE9041058
:10C280000320082101230222CDE90010CEA1CF48CE
:10C29000FBF791FF4FF4F07040F21A4140F2412257
:10C2A000CDE90212CDE90410032008210123022266
:10C2B000CDE90010C6A1C74800E02AE0FBF77BFFEC
:10C2C0004FF4F07040F21A414FF47173CDE902302F
:10C2D000CDE904100320082101230222CDE900103A
:10C2E000BDA1BE48FBF767FF4FF4F0704FF47171CA
:10C2F00040F24122CDE90212CDE9041003200821C9
:10C3000001230222CDE90010B5A1B648FBF753FF87
:10C3100046E1A4488078800900287DD0A14890F8A3
:10C320002400C0F380000028F7D040F22D2040F216
:10C33000F2314FF46C73CDE90230CDE904100320E3
:10C3400000900123022298A101909848FBF733FF47
:10C350004FF4FA7040F2F23140F22D22CDE9021290
:10C36000CDE90410032000900123022290A1019046
:10C370009048FBF720FF4FF4FA7040F2F2314FF48F
:10C380006C73CDE90230CDE9041003200090012345
:10C39000022289A101908948FBF70DFF4FF4FA7042
:10C3A0004FF46C7140F22D22CDE90212CDE9041058
:10C3B000032000900123022281A101908148FBF714
:10C3C000FAFE40F2412040F21A414FF47173CDE978
:10C3D0000230CDE9041003200090012302227AA14B
:10C3E00001907A48FBF7E7FE4FF4F07040F21A41F3
:10C3F00040F24122CDE90212CDE904100320009061
:10C400000123022272A101907248FBF7D4FE4FF47F
:10C41000F07040F21A4100E022E04FF47173CDE970
:10C420000230CDE9041003200090012302226AA10A
:10C4300001906A48FBF7BFFE4FF4F0704FF4717142
:10C4400040F24122CDE90212CDE904100320009010
:10C450000123022262A101906248FBF7ACFE9FE03B
:10C4600040F22D2040F2F2314FF46C73CDE90230EE
:10C47000CDE904100320052101230222CDE900109B
:10C4800049A14A48FBF797FE4FF4FA7040F2F231A7
:10C4900040F22D22CDE90212CDE90410032005213E
:10C4A00001230222CDE9001041A14248FBF783FE9F
:10C4B0004FF4FA7040F2F2314FF46C73CDE9023070
:10C4C000CDE904100320052101230222CDE900104B
:10C4D00039A13A48FBF76FFE4FF4FA704FF46C71D4
:10C4E00040F22D22CDE90212CDE9041003200521EE
:10C4F00001230222CDE9001031A13248FBF75BFE97
:10C5000040F2412040F21A414FF47173CDE90230FC
:10C51000CDE904100320052101230222CDE90010FA
:10C5200029A12A48FBF747FE4FF4F07040F21A4168
:10C5300040F24122CDE90212CDE904100320052189
:10C5400001230222CDE9001021A12248FBF733FE8E
:10C550004FF4F07040F21A414FF47173CDE902309C
:10C56000CDE904100320052101230222CDE90010AA
:10C5700019A11A48FBF71FFE4FF4F0704FF47171C8
:10C5800040F24122CDE90212CDE904100320052139
:10C5900001230222CDE9001011A11248FBF70BFE86
:10C5A00007B000BD6889002033343800089E0020A1
:10C5B00033343900179E002033353000269E00208A
:10C5C00033353100359E002033353200449E002043
:10C5D00033353300539E002033353400629E0020F3
:10C5E00033353500719E002000B587B040F27720CA
:10C5F00040F2816140F246224FF4C863CDE9023235
:10C60000CDE904100520072101231A46CDE90010C9
:10C6100042A14348FBF7CFFD40F2162040F2816172
:10C6200040F247224FF4C863CDE90232CDE904104D
:10C630000520072101231A46CDE9001039A13A4807
:10C64000FBF7B9FD40F277204FF4D06140F246226B
:10C6500040F2BD63CDE90232CDE904100520072187
:10C6600001231A46CDE9001030A13148FBF7A3FDA4
:10C6700040F216204FF4D06140F2472240F2BD63F1
:10C68000CDE90232CDE904100520072101231A4625
:10C69000CDE9001027A12848FBF78DFD40F262206C
:10C6A00040F29A6140F22E2240F26663CDE90232F6
:10C6B000CDE904100320082102230122CDE9001056
:10C6C0001EA11F48FCF7FCFE40F24A204FF4D36144
:10C6D0004FF4CD63CDE90230CDE9041005200821E7
:10C6E00000230122CDE9001016A11748FBF763FDD6
:10C6F0004FF4187040F281614FF40C72CDE90212D0
:10C70000CDE904100520082100230122CDE9001005
:10C710000EA10F48FBF74FFD07B000BD31323100CD
:10C72000D99F002031323200E89F0020313233009F
:10C73000F79F00203132340006A00020313235004E
:10C7400015A000203132360024A0002031323700FD
:10C7500033A0002000B587B0D148C068B0F5FA6FAB
:10C7600016DD40F2772040F2816140F246224FF41C
:10C77000C863CDE90232CDE9041005200821012368
:10C780000222CDE90010C7A1C748FBF714FD15E050
:10C7900040F2772040F2816140F246224FF4C863B4
:10C7A000CDE90232CDE90410052007210123022240
:10C7B000CDE90010BBA1BC48FBF7FDFCB848006800
:10C7C000B0F5FA6F16DD40F2162040F2816140F2BA
:10C7D00047224FF4C863CDE90232CDE904100520A9
:10C7E000082101230222CDE90010B0A1B048FBF7D7
:10C7F000E2FC15E040F2162040F2816140F247224F
:10C800004FF4C863CDE90232CDE9041005200721B9
:10C8100001230222CDE90010A4A1A548FBF7CBFC1F
:10C820009F488068B0F5FA6F16DD40F277204FF42C
:10C83000D06140F2462240F2BD63CDE90232CDE93B
:10C8400004100520082101230222CDE9001099A13E
:10C850009948FBF7B0FC15E040F277204FF4D06127
:10C8600040F2462240F2BD63CDE90232CDE9041028
:10C870000520072101230222CDE900108DA18E4859
:10C88000FBF799FC86484068B0F5FA6F16DD40F278
:10C8900016204FF4D06140F2472240F2BD63CDE94B
:10C8A0000232CDE904100520082101230222CDE93E
:10C8B000001082A18248FBF77EFC15E040F21620B2
:10C8C0004FF4D06140F2472240F2BD63CDE902321D
:10C8D000CDE904100520072101230222CDE9001033
:10C8E00076A17748FBF767FC76488078C0F30110A3
:10C8F00000287DD0734890F8240000F00100002843
:10C90000F7D040F2622040F29A6140F22E2240F2CB
:10C910006663CDE90232CDE90410032000900223C2
:10C920001A4669A101906948FCF7CAFD65488078FC
:10C93000C0F30110012841D062488078C0F3011093
:10C9400002283CD140F24A204FF4D3614FF4CD632A
:10C95000CDE90230CDE90410052008210023022290
:10C96000CDE900105AA15B48FBF725FC4FF4187085
:10C9700040F281614FF40C72CDE90212CDE904104E
:10C980000520032100230222CDE9001052A15348C3
:10C99000FBF711FC4FF4187040F281614FF40C72F8
:10C9A000CDE90212CDE9041005200821002302225E
:10C9B000CDE9001048A14948FBF7FDFB6EE0414876
:10C9C0008078C0F30110032868D140F24A204FF468
:10C9D000D3614FF4CD63CDE90230CDE904100520D9
:10C9E000032100230222CDE9001039A1394800E0DB
:10C9F00016E0FBF7E0FB4FF4187040F281614FF452
:10CA00000C72CDE90212CDE90410052003210023A8
:10CA10000222CDE9001030A13048FBF7CCFB3DE00D
:10CA200040F2622040F29A6140F22E2240F26663A8
:10CA3000CDE90232CDE904100320082102231A4671
:10CA4000CDE9001020A12148FCF73AFD40F24A2030
:10CA50004FF4D3614FF4CD63CDE90230CDE904103A
:10CA60000520082100230222CDE9001018A1194851
:10CA7000FBF7A1FB4FF4187040F281614FF40C7288
:10CA8000CDE90212CDE9041005200821002302227D
:10CA9000CDE9001010A11148FBF78DFB07B000BDD8
:10CAA0005C97002031323100D99F002031323200B2
:10CAB000E89F002031323300F79F002031323400EC
:10CAC00006A00020688900203132350015A0002022
:10CAD0003132360024A000203132370033A000204C
:10CAE00038B524480068006800F0100010283CD1D8
:10CAF00020480068C06800F01000002835D01D48AC
:10CB00000068006884B21B480068406884B2601EF8
:10CB100084B200BF002000901648006800680090B2
:10CB2000144800684068009000BF00BF1148F8F743
:10CB3000DEFB1048C06B006840680F49088008465B
:10CB40000088C0F1A0000D4908600B480088C0F1C2
:10CB5000A000242803D10A490A48F9F79DF8A02229
:10CB600008490448F8F78AFF00BF0248F8F722FC9A
:10CB700038BD0000AC0B0020300000202C0000204D
:10CB800068890020C889002008B54248006800F084
:10CB90001000002879D000BF002000903E480068B7
:10CBA000006800903C4800684068009000BF00BFEB
:10CBB0003948C06B0068006800F4002090BB36481C
:10CBC000C06B0068006820F001003349C96B096838
:10CBD00008603148C06B00684068C0F500702F499C
:10CBE00008804FF400702C49C96B096848602A48D6
:10CBF000C06B0068006840F400202749C96B0968D1
:10CC000008602548C06B0068006840F001002249B8
:10CC1000C96B09680860214802882149214803F04E
:10CC2000C2F932E0FFE71C48C06B0068006820F0E2
:10CC300001001949C96B096808601748C06B006892
:10CC40004068C0F50070154908804FF40070124923
:10CC5000C96B096848601048C06B0068006820F420
:10CC600000200D49C96B096808600B48C06B00685B
:10CC7000006840F001000849C96B0968086007486E
:10CC800002880949074803F08EF90348F8F792FB38
:10CC900008BD0000001401403C0C00207C05002071
:10CCA000388D002038910020388F002010B50446C0
:10CCB00004B910BD29480078092803DA0120284961
:10CCC000087002E0002026490870A5202070254841
:10CCD00090ED0A0A84ED010A2348D0F80300E060D1
:10CCE000224890ED1E0A84ED040A214890ED0A0ABC
:10CCF00084ED050A1F484089A0831848C0886083D6
:10CD000016480089208315484089E0831A4890ED31
:10CD1000020A84ED080A17480089A084164890ED9D
:10CD2000030A84ED0A0AF6F7ABFEE0621348B0F896
:10CD30004E0060861148B0F84C00A0860F48B0F84D
:10CD40004E00208602F038FA20720548007884F8F8
:10CD50003600AA2084F8370000BFAAE7388A0020EE
:10CD6000E4040020DC9500201B0500206C970020C7
:10CD7000E4980020458A00209C880020B488002088
:10CD800070B504460D4604B970BD2046FFF78EFF0E
:10CD90002078ED1C05F8030C606845F8020C207A39
:10CDA000A870607AE870E06868602069A8606069CF
:10CDB000E860208B2882608B6882A08BA882E08B41
:10CDC000E882206AA861A08CA883A06AC5F81E002A
:10CDD000E06AC5F82200208EE884608E2885A08E47
:10CDE000688594F8360085F82C0094F8370085F8AB
:10CDF0002D00ED1E312229460248F8F757FE00BFEC
:10CE0000C2E70000AC0B002000B9704700210170A0
:10CE10009FED140A80ED010A017241729FED110A23
:10CE200080ED030A9FED0F0A80ED040A9FED0D0AC5
:10CE300080ED050A818341830183C1839FED090A47
:10CE400080ED080A81849FED070A80ED0A0AC1621D
:10CE500041868186018680F8371080F8361000BF41
:10CE6000D3E70000000000000FB470B504469DF841
:10CE70001900012818D1A06B20F48030A063E0686D
:10CE80001B490840E060E06820F44010E0609DF835
:10CE90002000012803D1E06840F48010E0602046C3
:10CEA00000F028F8054613E0E06840F04000E0603C
:10CEB000204600F01FF805469DF81D0020B9A06B24
:10CEC00040F48030A06303E0A06B20F48030A063C6
:10CED0009DF81600012807D1A06840F00600A06068
:10CEE000A06840F02000A060284670BC5DF814FBEC
:10CEF000BFFFBDFF08B501460020009000BF0098AD
:10CF0000401C00900098B0F1706F01D9032008BD5B
:10CF1000086900F000400028F1D00A20009002E0EB
:10CF20000098401E009000980028F9D1086940F050
:10CF30000100086100BF0098401C00900098B0F10B
:10CF4000706F01D90320E2E7086900F001000028B2
:10CF5000F1D100BFDBE701460A46D2F8000E20F00F
:10CF60000300C2F8000E40F60400805840F00203AF
:10CF700040F6040083500020704700000FB4F0B565
:10CF8000054600272E46002405E0002105F58270A5
:10CF900040F82410641C0F2CF7D39DF82200A0B990
:10CFA00040F60400805940F0020140F6040081512F
:10CFB000A86B40F40010A863A86B20F40020A863BD
:10CFC000A86B20F48020A86307E0A86B20F4001071
:10CFD000A863A86B40F40020A8630020C6F8000EE8
:10CFE0009DF81D0001280CD19DF81B0020B90021DF
:10CFF000284600F049F908E00121284600F044F9EC
:10D0000003E00321284600F03FF91021284600F0F4
:10D01000D8F800B10127284600F0ABF800B101278D
:10D0200000214FF401608151001D815140F61C0028
:10D03000815100242EE006F5106000EB44100068DA
:10D0400000F00040B0F1004F10D13CB94FF000614A
:10D0500006F5106000EB441001600DE04FF09041C8
:10D0600006F5106000EB4410016005E0002106F5B4
:10D07000106000EB44100160002106F5106000EB29
:10D08000441001614FF67F3106F5106000EB44104B
:10D090008160641C9DF81800A042CCD800242EE0CA
:10D0A00006F5306000EB4410006800F00040B0F17D
:10D0B000004F10D13CB94FF0006106F5306000EB35
:10D0C000441001600DE04FF0904106F5306000EB38
:10D0D0004410016005E0002106F5306000EB4410CB
:10D0E0000160002106F5306000EB441001614FF64D
:10D0F0007F3106F5306000EB44108160641C9DF8C0
:10D100001800A042CCD84FF40160805920F48071FF
:10D110004FF4016081510020A8616FF08040686188
:10D120009DF81A0018B9A86940F01000A861A86914
:10D130000A490843A8619DF81E0018B1A86940F08B
:10D140000800A8619DF82200012803D1A8690449BC
:10D150000843A8613846F0BC5DF814FB00383C80F9
:10D16000040000400146886820F00100886000202B
:10D17000704708B501460020009000BF0098401C91
:10D1800000900098B0F1706F01D9032008BD0869C4
:10D1900000F000400028F1D000200090102008612D
:10D1A00000BF0098401C00900098B0F1706F01D94A
:10D1B0000320EBE7086900F010001028F1D00020F0
:10D1C000E4E708B502460020009000BF0098401C2C
:10D1D00000900098B0F1706F01D9032008BD10696C
:10D1E00000F000400028F1D000200090202040EA0C
:10D1F0008110106100BF0098401C00900098B0F1B1
:10D20000706F01D90320E9E7106900F020002028A1
:10D21000F1D00020E2E70146486900F001007047C4
:10D2200070B504460E460025E06820F0C040E0607E
:10D23000012E10D1E06840F00050E06000BF0A20ED
:10D24000F6F7FAFA0A352046FFF7E5FF012815D070
:10D25000C82DF4D312E07EB9E06840F08040E06071
:10D2600000BF0A20F6F7E8FA0A352046FFF7D3FF99
:10D2700020B1C82DF5D301E0012070BDC82D01D12A
:10D280000120FAE70020F8E702461346D3F8000829
:10D290000843C3F800080020704700BFFEE703B44E
:10D2A00001984100009850EAC12018BF04204A0D9F
:10D2B00018BF40F0010040F2FF72B2EB515F08BFAF
:10D2C00040F00200012808BF052002B0704741006D
:10D2D000080218BF04200A0E18BF40F001004FF0EA
:10D2E0007F4232EA010108BF40F00200012808BF76
:10D2F0000520704702480068C0F302207047000014
:10D300000CED00E010B5002804DB0A07130E054AF7
:10D31000135406E00A07140E034A00F00F031B1F04
:10D32000D45410BD00E400E018ED00E0EFF31080ED
:10D330007047000010B510EE104A4FF01A402DED66
:10D34000028B00EB4400B0F1C85F4AD84FF0FC40BC
:10D35000B0EB440F22D2B0EEC00AF7EE000A30EE76
:10D36000C00AF6EE000A20EE208A18EE100A04F039
:10D370007FFE00EE100A14F0004F1DBF9FED281A2B
:10D38000DFED280AB1EE400A9FED271A08BFF0EE44
:10D39000410AF8EE001A20EE210A05E020EE008A8C
:10D3A0009FED221ADFED220ADFED221A9FED222ADD
:10D3B00070EEC00A20EE080A08EE212ADFED1F1ADF
:10D3C00048EE021A9FED1E2A08EE212ADFED1D1AF3
:10D3D00048EE021ABDEC028B40EE610A30EE810A83
:10D3E00010BD4FF0CC40B0EB440F82BF9FED160A4A
:10D3F000BDEC028B10BD4FF07F40B0EB440F05D267
:10D40000BDEC028BBDE8104000F0FABF0120F3F73D
:10D41000F0FEBDEC028BBDE8104000F0F7BF00004D
:10D420000000494022AA7D3A000000000000C93FE8
:10D4300022AAFD3924FE1C3DC78AD83C1E67383D10
:10D440001B93993DAFAA2A3EDB0FC93F10B54FF0A1
:10D450000E402DED028BB0EE408A18EE104A00EB24
:10D460004400B0F1506F4AD84FF0FC40B0EB440F8D
:10D4700022D2B0EEC80AF7EE000A30EEC00AF6EE8D
:10D48000000A60EE208A18EE900A04F0F1FD01EE29
:10D49000100A14F0004F1DBFDFED2D0A9FED2D0A7D
:10D4A000B1EE411ADFED2C0A08BF9FED2C0AF8EE11
:10D4B000001A21EE218A05E0DFED290A68EE088ACC
:10D4C000B0EE600A9FED271ADFED271A30EE080A4A
:10D4D00048EE811A9FED251A08EEA11ADFED241AF5
:10D4E00048EE811A9FED231A08EEA11A68EE281A59
:10D4F000BDEC028B01EE810A30EE200A10BD4FF028
:10D50000E440B0EB440F0CD918EE100AFFF7DFFE31
:10D51000042808BF00F082FFB0EE480ABDEC028B81
:10D5200010BD4FF07F40B0EB440F07D2B0EE480A79
:10D53000BDEC028BBDE8104000F062BF0120F3F7A4
:10D5400058FEBDEC028BBDE8104000F05FBF00004C
:10D550000000C9BF22AAFDB90000C93F22AAFD39B7
:10D560000000000024FE1C3DC78AD83C1E67383DE1
:10D570001B93993DAFAA2A3E70B54FF068422DED3E
:10D58000048BF0EE408A18EE900AB0EE608A18EE36
:10D59000101A02EB4003B3F1654F3CBF02EB4102AE
:10D5A000B2F1654F7DD200BFC0F3C753C1F3C7527C
:10D5B0009A1A1B2A09DD10F0004F14BF9FED830A51
:10D5C0009FED830ABDEC048B70BD12F11A0F36DAA1
:10D5D00011F0004F09D010F0004F0CBF9FED7D0AF5
:10D5E0009FED7D0ABDEC048B70BD88EE889A19EE24
:10D5F000100AFFF76CFE042808BF00F00FFF18EEBA
:10D60000900AFFF764FE054618EE100AFFF75FFE6A
:10D61000044619EE100AFFF75AFE042D18BF052D17
:10D6200008D1042C18BF052C04D1002804BF022007
:10D63000F3F7DFFDB0EE490ABDEC048B70BD42008C
:10D64000B2EB410F3AD910F0004F19BFDFED630A7A
:10D650009FED630ADFED630A9FED630AB0EE481A9F
:10D660000A46B1EE688A80F00041F0EE418A104629
:10D670000A1A5200B2F1807F34D2484010F0004FB5
:10D68000DFED5A1A9FED5A2A1DBFBEEE001A70EE4A
:10D69000E10A30EE420AB6EE001A08BF70EEA10AA7
:10D6A00000E040E008BF30EE020AB0EE682A01EE6A
:10D6B000482A08EE818AC2EE081A15E011F0004FE0
:10D6C00004BF9FED4C0AF0EE400AD1D010F0004F9D
:10D6D00019BFDFED490A9FED490ADFED490A9FEDC9
:10D6E000490AC5E7C8EE881A21EEA11A9FED462A1D
:10D6F000DFED462A41EE022A9FED452A01EE222A5D
:10D70000DFED442A41EE022A9FED432ABDEC048B53
:10D7100001EE222A21EE811A01EE020A30EE210AE0
:10D7200030EE200A70BD4FF07F42B2EB400F28BFB1
:10D73000B2EB410F09D2F0EE480AB0EE680ABDEC38
:10D74000048BBDE8704000F05EBE40EA01035B0060
:10D7500008BF41F0FF410BD0B2EB400F08BFB2EB66
:10D76000410F08D120F0804008EE900A21F080415E
:10D7700008EE101A18E7B2EB400F12BF5FEA410340
:10D7800040F0FF4001F000413FF40EAFB2EB410F1B
:10D7900012BF5FEA400200F0004041F0FF413FF459
:10D7A00003AF4A0092EA40033FF5FEAE002AACBF49
:10D7B0009FED1A0A9FED1A0A68EE808A28EE008A09
:10D7C00018EE900A18EE101AEEE60000DB0FC9BF43
:10D7D000DB0FC93FDB0F4940DB0F49C00000C9BF69
:10D7E00022AAFDB90000C93F22AAFD390060ED3E22
:10D7F000C30ACE3700000000000049C022AA7DBA4B
:10D800000000494022AA7D3A2DAD65BD8FB8D53DB7
:10D810000FB511BE61C84C3EA8AAAABE0000804F39
:10D820000000802F0000000010B52F499FED2C1B39
:10D830002DED020B84B0059820F000408842D8BF3F
:10D840009DED040B2DDD2949884209D1049840B98A
:10D850004FF00100F3F7CDFC00F0B2FD06B010BDB3
:10D8600005DB9DED040B00F09FFD06B010BD684682
:10D870009DED040B00F0B0F910F0030004BF9DED26
:10D88000021B9DED000B0CD001280ED09DED021B5C
:10D890009DED000B022817D0012000F0EDFC06B032
:10D8A00010BD00F0B5FB06B010BD9DED021B9DED57
:10D8B000000B012000F0E0FC51EC100B05F0CCF95E
:10D8C00006B041EC100B10BD00F0A2FB51EC100BA8
:10D8D00005F0C2F906B041EC100B10BD00000000CD
:10D8E0000000000000000000FB21E93F0000F07F85
:10D8F00010EE101A08B5444A6846B2EB410F28D919
:10D900004FF0E640B0EB410F94BF00204FF0FF30E6
:10D9100000900098002861DB60EE000A10F0010F13
:10D9200045D010F0020FDFED391A9FED391A00EEE5
:10D93000E11ADFED381A40EE811A21EEA01AF0EE5E
:10D94000400A40EE010A08BFF1EE600AB0EE600A3C
:10D9500008BD314B21F0004293423CD911F0004FF9
:10D96000DFED2E0A20EE201ADFED2D0A19BF31EE71
:10D97000601A71EE200A31EE201A71EE600ABDEED7
:10D98000E01A11EE100A9FED271A00F0030000EED6
:10D99000C10A9FED251A009000EEC10A9FED231ADF
:10D9A00000EEC10A9FED221A00EEC10AB1E79FED19
:10D9B000211A9FED210A10F0020F00EE810A9FED5F
:10D9C0001F1A00EE801AB7EE000A00EE810A18BF97
:10D9D000B1EE400A08BD00F029FD9AE710EE100AEA
:10D9E0004000B0F17F4F3CBFB7EE000A08BD07D141
:10D9F0004FF00100F3F7FDFBBDE8084000F006BD65
:10DA0000BDE8084000F0FCBCB61F927E336D4C3977
:10DA1000DA82083CA0AA2ABE490E494683F9223F71
:10DA20000000004B0000C93F00A0FD390020A233D8
:10DA30001A61342CB93AB2BACA9F2A3DDDFFFFBE43
:10DA40002DED020B019820F0004001909DED000BA0
:10DA500002B070470000000010B52F499FED2C1B4D
:10DA60002DED020B84B0059820F000408842DCBF09
:10DA700000209DED040B32DD2849884209D104982D
:10DA800040B94FF00100F3F7B4FB00F099FC06B089
:10DA900010BD05DB9DED040B00F086FC06B010BD4B
:10DAA00068469DED040B00F097F810F0030011D0CC
:10DAB000012818D09DED021B9DED000B02281AD005
:10DAC00000F0A6FA51EC100B05F0C6F806B041ECD8
:10DAD000100B10BD9DED021B9DED000B012000F011
:10DAE000CBFB06B010BD9DED021B9DED000B00F0C1
:10DAF0008FFA06B010BD012000F0BEFB51EC100BF8
:10DB000005F0AAF806B041EC100B10BD00000000B3
:10DB10000000000000000000FB21E93F0000F07F52
:10DB200000B52DED048BB0EE409AF0EE609A83B014
:10DB300051EC190B05F0BEFF41EC180B18EE100A62
:10DB400018EE901A8DED008B002818BF01200843B5
:10DB500020F00040C0F17F6000F1E040C00F14D021
:10DB600019EE101A19EE900A8DED009B002918BFCE
:10DB70000121084320F00040C0F17F6000F1E04047
:10DB8000C00F04BF0120F3F734FBB0EE480A03B026
:10DB9000F0EE680ABDEC048B00BD10B52DED028BD4
:10DBA000B1EEC08A18EE100A20F00040C0F1FF402C
:10DBB000C00F0AD010EE100A20F00040C0F1FF4064
:10DBC000C00F04BF0120F3F714FBB0EE480ABDEC10
:10DBD000028B10BD000000002DE9F14F04462DED31
:10DBE000020B2DED088B8AB09FEDE70B80ED020B49
:10DBF000139EE74826F0004585420ADC9DED120B96
:10DC0000002084ED000B0AB0BDEC088B03B0BDE82A
:10DC1000F08FE0489FEDE0AB9FEDE1BBA84247DD10
:10DC2000E14F9FEDE39B9FEDE48B9DED120B53ECD9
:10DC30001A2B51EC100B002E1CDD06F03FF841ECC6
:10DC4000100BBD4208D053EC1B2B51EC100B06F00F
:10DC500035F8C4E900010BE053EC192B51EC100B23
:10DC600006F02CF853EC182B06F028F8C4E9000154
:10DC70000120C8E705F05EF941EC100BBD4208D069
:10DC800053EC1B2B51EC100B05F054F9C4E90001C7
:10DC90000BE053EC192B51EC100B05F04BF953EC46
:10DCA000182B05F047F9C4E900014FF0FF30AAE74F
:10DCB000C348A84279DB9DED120B51EC100B02F02A
:10DCC0003EF941EC180B9FEDC00B53EC102B05F007
:10DCD000F9FC9FEDBF1B53EC112B05F02BF905F060
:10DCE00019FC074605F07AFC41EC190B53EC1A2B92
:10DCF00005F0E8FC53EC182B05F0B4FE41EC180BD2
:10DD000053EC1B2B51EC190B05F0DCFCDFF8C8A21F
:10DD100041EC100B4FEA15580125FA4453EC102B37
:10DD200051EC180B05F0CAFF032DC4E900013DD0EA
:10DD3000C1F30A5005EB4511A8EB000011398142EF
:10DD400034DA0AEB051BB0EE48AA9BED000BF0EEAF
:10DD500068AA53EC102B51EC190B05F0B3FC41EC05
:10DD60001B0B51EC1A0B53EC1B2B05F0A7FF41ECDE
:10DD7000180B51EC1A0B53EC182B05F09FFF53ECCA
:10DD80001B2B05F09BFF9BED020B41EC1A0B53EC98
:10DD9000102B51EC190B05F095FC53EC1A2B05F0E8
:10DDA0008DFF41EC100B6D1CB8E70EE0002EA8BFF4
:10DDB0003846BFF628AF94ED000B51EC100B04F081
:10DDC0004BFFC4E9000178421DE7C6F3130040F49D
:10DDD000801EC6F30A50A0F2F530471100F01F056F
:10DDE000C5F12000DDF848B00890002006900790AB
:10DDF0000520EC467949002D07EB0002794408BF65
:10DE000051F8221009D051F8223001EB8201AB40C9
:10DE10004A68089922FA01F11943A1FB0E26A1FBD9
:10DE20000B131A449A4234BF0123002303EB060864
:10DE30000CEB8003D3E901A60E448E4234BF0121CE
:10DE4000002192448A4411B1924502D903E09245DF
:10DE500001D2012100E00021C3E901A641444CF8B0
:10DE60002010011EA0F10100C4DC029800F1005056
:10DE7000850F0298DDE903678000DDF8148005F066
:10DE8000ADFB41EC1A0B304605F0CCFB9FED541B6B
:10DE900053EC112B05F016FC41EC1B0B384605F03A
:10DEA000C1FB9FED511B53EC112B05F00BFC41EC1A
:10DEB000180B404605F0B6FB9FED4D1B53EC112BA4
:10DEC00005F000FC41EC190B51EC180B53EC192B2D
:10DED00005F030F853EC1B2B05F02CF853EC1A2B03
:10DEE00005F028F8CDE90801002008909DED080B09
:10DEF00053EC1A2B51EC100B05F0E0FE53EC1B2BEE
:10DF000005F0DCFE53EC182B05F0D8FE53EC192B72
:10DF100005F0A8FD9FED381B53EC112B05F0D2FB4B
:10DF20009FED370B41EC180B53EC102B9DED080BBC
:10DF300051EC100B05F0C6FB53EC182B04F0FAFF64
:10DF40009FED310B41EC180B53EC102B9DED080BA2
:10DF500051EC100B05F0B6FB53EC182B04F0EAFF64
:10DF600041EC100B139810F0004F06D06D4251ECAD
:10DF7000100B04F071FE41EC100B284684ED000BF1
:10DF800041E600000000000000000000000000006A
:10DF9000FB21E93F7CD9024000004054FB21F93FBE
:10DFA0003163621A61B4D03DFB21F93F00000000EB
:10DFB0000000601A61B4D03D7370032E8A19A33B30
:10DFC000FB2139410000000083C8C96D305FE43F88
:10DFD000000000000000E03FC27600001076000064
:10DFE000000000000000103E000000000000103C97
:10DFF000000000000000103A182D4454FB21F93DA8
:10E000003326A611460B113C00000054FB21F93DBC
:10E0100010B52DED040B2DED088B82B0B0EE419ABA
:10E02000F0EE619A0B9820F000449FED4BABB4F1F9
:10E03000795F11DA9DED0A0B51EC100B05F06AFACD
:10E04000002801BFB0EE4A0AF0EE6A0A02B0BDEC49
:10E05000088B04BF04B010BD9DED0A0B53EC102BD0
:10E0600051EC100B05F02EFB41EC180B3C4806213F
:10E07000B0EE480AF0EE680A784400F081F853ECFC
:10E08000182B51EC100B05F01DFB9DED0A0B41EC1C
:10E090001B0B53EC192B51EC100B05F013FB41EC4F
:10E0A000190B53EC1B2B51EC180B05F00BFB53EC2D
:10E0B000192B05F003FE9FED2C0B41EC190B53ECD3
:10E0C000102B51EC180B05F0FDFA41EC100B284811
:10E0D000844210DA53EC192B51EC100B05F0EEFDD5
:10E0E00053EC1A2B05F0BEFC41EC100B02B0BDEC5A
:10E0F000088B04B010BD1F48A042BCBF9FED1E1B83
:10E100008DED001B06DBA4F50010019000200090AF
:10E110009DED001B51EC100B53EC112B05F0CEFDC7
:10E120009DED000B41EC180B53EC102B51EC1A0B2E
:10E1300005F0C4FD41EC1A0B53EC192B51EC180BF4
:10E1400005F0BCFD53EC1A2B05F08CFC41EC100BD8
:10E15000CCE7000000000000000000000000F03FDD
:10E160003473000000000000000000000000E03FE9
:10E170003333D33F0000E93F000000000000D23FEE
:10E1800070B504462DED028B4D1E00EBC500B0EEC0
:10E19000408AF0EE608A90ED000B35F0060017D053
:10E1A00053EC182B51EC100B05F08CFA41EC100BD2
:10E1B0006D1E04EBC50090ED001B51EC100B53ECF1
:10E1C000112B04F0B7FE41EC100B35F00600E7D13F
:10E1D000022D36D0042D1CD0062D1CBFBDEC028BA9
:10E1E00070BD53EC182B51EC100B05F06BFA94ED4D
:10E1F0000A1B53EC112B04F09DFE53EC182B05F079
:10E2000061FA94ED081B53EC112B04F093FE41ECE2
:10E21000100B53EC182B51EC100B05F053FA94ED46
:10E22000061B53EC112B04F085FE53EC182B05F064
:10E2300049FA94ED040B53EC102B04F07BFE41ECF7
:10E24000100B53EC182B51EC100B05F03BFA94ED2E
:10E25000021B53EC112B04F06DFE53EC182B05F050
:10E2600031FA94ED001B53EC112B04F063FEBDEC6E
:10E27000028B41EC100B70BD31B504462DED040B43
:10E280002DED0A8BB0EE41BAF0EE61BA0B989DED20
:10E290000A0B20F00040B0F1795F0DDA51EC100B61
:10E2A000FEF7FDFF042808BF00F09AF89DED0A0B69
:10E2B000BDEC0A8B05B030BD53EC102B51EC100BAC
:10E2C00005F000FA41EC180B9DED0A0B53EC182BEE
:10E2D00051EC100B05F0F6F941EC190B2C48B0EE9F
:10E2E000480AF0EE680A05217844FFF749FF9FEDE0
:10E2F0002ACBB0EE40AAF0EE60AA9CB353EC1C2BE4
:10E3000051EC190B05F0DEF941EC1C0B53EC1A2B08
:10E3100051EC190B05F0D6F99FED210B41EC190BCF
:10E3200053EC102B51EC1B0B05F0CCF953EC192BD3
:10E3300005F0C4FC53EC182B05F0C4F953EC1B2B6F
:10E3400005F0BCFC53EC1C2B05F0B8FC9DED0A1B42
:10E3500053EC112B05F086FBBDEC0A8B05B041ECAC
:10E36000100B30BDFFE753EC1A2B51EC180B05F0E6
:10E37000A9F953EC1C2B04F0DDFD53EC192B05F02F
:10E38000A1F99DED0A1B53EC112B04F0D3FDE3E73B
:10E39000DC71000000000000495555555555C5BFBA
:10E3A000000000000000E03F10B553EC102B51ECD2
:10E3B000100B04F0BFFD41EC100B10BD000000007D
:10E3C0009FED050B10B553EC102B51EC100B04F026
:10E3D000E3FE41EC100B10BD000000000000000047
:10E3E0009FED050B10B553EC102B51EC100B05F005
:10E3F00069F941EC100B10BD000000000000001096
:10E4000030EE000A704730EE200A7047DFED020A56
:10E4100080EEA00A70470000000000009FED020A95
:10E4200020EE000A70470000000000102DE9F00106
:10E430004FF07F42B2EB410F9FBF4FF0FF310160C1
:10E44000BDE8F00170474FF0004242EA0123C1F3FA
:10E45000C752783A551112F01F0C434CCCF12006EC
:10E460007C44C1F3C752A2F178024FEA621204EB76
:10E47000820254F8254008BFD2E9015612D05568EF
:10E4800004FA0CF425FA06F73C43976805FA0CF5F4
:10E4900027FA06F8D26807FA0CFCF24045EA0805AC
:10E4A0004CEA0206A4FB034CA5FB0352A6FB036344
:10E4B0001D449D4234BF012600261319334416B172
:10E4C000934202D903E0934201D2012200E00022EC
:10E4D000624402F1200C9206DC0C42EA443200EE67
:10E4E000102A5B03DFED210AF8EEC01A00EE103AA5
:10E4F0004FEA9C1C11F0004FB8EE400AC0F800C073
:10E5000020EE201A00EE105ADFED190AB8EE400A8C
:10E5100020EE200A71EE810A70EE800A10EE902A39
:10E5200002F500626FF30B0200EE902A70EEE11A22
:10E5300031EEC11ADFED101A30EE411A9FED0D0ACF
:10E5400020EE800A01EE210A9FED0C1A00EE810AEE
:10E5500004BFBDE8F0017047CCF180510160BDE817
:10E56000F001B1EE400A7047447000000000003630
:10E570000000802C22AAFD29DB0FC92F0000C92F23
:10E5800080F310887047000070B505460C460026E1
:10E590000DB1022C00D870BDA11E06480288284685
:10E5A00001F0BAFD0646A01E2E54310A601E295401
:10E5B00000BFF0E7FA04002070B505460C460026BF
:10E5C0000DB1022C00D870BD611EFF22284601F05B
:10E5D000BDFD0646601E2E5400BFF4E710B5F2F7ED
:10E5E000A1FF8020F3F766F95520F3F763F9552072
:10E5F000F3F760F950490870F2F78AFF0120F5F748
:10E600001BF9F2F78FFF8020F3F754F95520F3F749
:10E6100051F95520F3F74EF947490870F2F778FFA2
:10E620000120F5F709F9F2F77DFFB6217E20F3F717
:10E6300053F9F2F76DFF5020F5F7FEF8F2F772FF8D
:10E640008020F3F737F95520F3F734F95520F3F725
:10E6500031F939490870F2F75BFF0120F5F7ECF862
:10E66000F2F760FF8020F3F725F95520F3F722F940
:10E670005520F3F71FF930490870F2F749FF0120E0
:10E68000F5F7DAF82C4800781E2801D0FF2010BDDD
:10E6900000202A49087049E0F2F744FF274A12781F
:10E6A00002EB4202264B1A445178244A127802EBBC
:10E6B0004202985CF3F710F9F2F72AFF0120F5F710
:10E6C000BBF8F2F72FFF1D49097801EB41011C4A05
:10E6D000515C41F08000F3F7EDF85520F3F7EAF8CC
:10E6E0005520F3F7E7F814490870F2F711FF0120FD
:10E6F000F5F7A2F81148007800EB400010490844F3
:10E7000040780D49097888420BD00C48007800EB1E
:10E7100040000B49084480780A49097808430949B0
:10E72000087006480078401C0449087003480078C7
:10E730000628B1DB0020AAE71404002015040020FD
:10E74000200400201604002010B5F2F7FFFE454912
:10E750000020F3F7A2F8F2F7EFFE0120F5F76CF8CE
:10E76000F2F7F4FE3F490020F3F797F8F2F7E4FEE2
:10E770000120F5F761F8F2F7E9FEB6211420F3F76E
:10E78000ABF8F2F7D9FE5020F5F756F8F2F7DEFEB7
:10E7900034490020F3F781F8F2F7CEFE0120F5F7B7
:10E7A0004BF8F2F7D3FE2F490020F3F776F8F2F793
:10E7B000C3FE0120F5F740F82A4800780F2801D061
:10E7C000FF2010BD00202849087045E0F2F7BEFE8A
:10E7D000254A127802EB4202244B1A445178224A0D
:10E7E000127802EB4202985CF3F776F8F2F7A4FE97
:10E7F0000120F5F721F8F2F7A9FE1B49097801EB92
:10E8000041011A4A505C1749F3F747F8F2F794FEB2
:10E810000120F5F711F81448007800EB4000134987
:10E82000084440780F490978884210D00E48007893
:10E83000401E0D4908700846007800EB40000C4966
:10E84000084480780B49097808430A49087006484B
:10E850000078401C04490870034800780628B5DB9E
:10E860000020AEE71404002015040020320400202C
:10E87000200400201604002070B52DED0A8B0446FC
:10E880000D468C4890ED030A20EE000A10EE101A97
:10E89000084605F015FD41EC190B9FED870B53EC75
:10E8A000102B04F00FFF41EC180B04F0E1F9A0630A
:10E8B000834890ED140A20EE000A10EE101A084664
:10E8C00005F0FEFC41EC190B9FED7B0B53EC102B7C
:10E8D00004F0F8FE41EC180B04F0CAF97849C8635B
:10E8E0007848408900B208827748008900B248829F
:10E8F000084690ED0F0A10EE101A084605F0E0FCED
:10E9000041EC1C0B9FED710B53EC102B05F0AAF89A
:10E9100041EC1A0BB4F9100004F060FE41EC1B0B43
:10E9200053EC1A2B04F038FC41EC190B9FED690BEA
:10E9300053EC102B04F0FEFA41EC180B04F098F99C
:10E940005F49C864B4F9100000EE100AB8EEC00ABE
:10E95000D4ED160A9FED611A71EE600A80EE201A5E
:10E96000084680ED151ACDB3012D36D1B4F910004B
:10E9700000EE100AB8EEC00ADFED590AB4EEE00A64
:10E98000F1EE10FA0EDB94ED0E0A0846D0ED0F0AF8
:10E99000B4EEE00AF1EE10FA04DD94ED110A84ED14
:10E9A000020A1AE0B4F9100000EE100AB8EEC00A2C
:10E9B000DFED4B0AB4EEE00AF1EE10FA0DD294ED61
:10E9C0000E0A3F48D0ED0F0AB4EEE00AF1EE10FA5D
:10E9D00003DD9FED440A84ED020A66E0FFE7B4F927
:10E9E000120028281CDD3648B0F91000282817DD51
:10E9F0003D48B0F9040040F6B831884210DAB4F965
:10EA0000100000EE100AB8EEC00AD4ED120A30EE83
:10EA1000200ADFED360A30EE200A84ED100A23E0EA
:10EA20002748B0F9100000EE100AB8EEC00ADFED7A
:10EA30002C0AB4EEE00AF1EE10FA09D82C48007F57
:10EA4000C0F3801020B19FED2B0A84ED100A0BE07B
:10EA5000B4F9100000EE100AB8EEC00AD4ED120AA4
:10EA600030EE200A84ED100A94ED0E0AD4ED0F0A60
:10EA7000B4EEE00AF1EE10FA12D294ED0E0AD4EDE3
:10EA80000F0A70EE600AB4F9100000EE100AB8EE3A
:10EA9000C00A94ED131A01EE200A84ED020A03E085
:10EAA00094ED100A84ED020A00BF00BFBDEC0A8B92
:10EAB00070BD00009C880020C3F5285C8FC20D400B
:10EAC00018060020388A0020458A0020EC51B81E24
:10EAD00085BF9E409A9999999999B93F00007042D3
:10EAE0000000204200003443B48800200000C842E7
:10EAF000688900200000484300B58BB000200690D4
:10EB0000079001200890002001900290039004904B
:10EB10000590012009900E200A9001A90548F3F7FD
:10EB2000D1FE0448F4F705FC02210248F3F710FE79
:10EB30000BB000BDDC09002000B58BB00E200690A4
:10EB4000002007900120089000200190029003907F
:10EB500004900120059009900E200A9001A9064812
:10EB6000F3F7B0FE0448F4F7E4FB10210248F3F792
:10EB7000EFFD0BB000BD0000040A002010B52DED24
:10EB8000048B044694F8480000285ED15D48006874
:10EB9000401C5C4908605C48807800F0030028BB9A
:10EBA0005949B1F9060004F019FD41EC190B9FED2C
:10EBB000570B53EC102B04F085FD41EC180B04F0BF
:10EBC00057F820605049B1F90410484204F006FD9E
:10EBD00041EC190B9FED4D0B53EC102B04F072FD23
:10EBE00041EC180B04F044F8606087E003F0D4F8BF
:10EBF0004548007F00F001004349097FC1F340010F
:10EC0000401A00EE900AF8EEE00A20EE200AF0EE3C
:10EC1000000A20EE200A84ED000A03F0BDF83A480D
:10EC2000007FC0F380003849097FC1F3C001401A5A
:10EC300000EE900AF8EEE00A20EE200AF0EE000A5C
:10EC400020EE200A84ED010A58E02F48807800F079
:10EC5000030028BB2C49B1F90610484204F0BEFC61
:10EC600041EC190B9FED290B53EC102B04F02AFDFE
:10EC700041EC180B03F0FCFF20602349B1F90400BC
:10EC800004F0ACFC41EC190B9FED200B53EC102B66
:10EC900004F018FD41EC180B03F0EAFF60602DE072
:10ECA00003F07AF81848007FC0F340001649097F46
:10ECB00001F00101401A00EE900AF8EEE00A20EEA1
:10ECC000200AF0EE000A20EE200A84ED000A03F08C
:10ECD00063F80D48007FC0F3C0000B49097FC1F302
:10ECE0008001401A00EE900AF8EEE00A20EE200AB9
:10ECF000F0EE000A20EE200A84ED010ABDEC048B40
:10ED000010BD00008C060020688900200000000073
:10ED100000002E401CB500F0FFFA1148C078C0F387
:10ED2000810050B900200090034602464FF4007164
:10ED300001900C4802F0AAFF11E00B48B0F9440022
:10ED40000949B1F94610CDE900100748B0F9403043
:10ED5000B0F942204FF40071024802F097FF1CBD49
:10ED600068890020DC090020DC95002010B50446ED
:10ED700094ED061AF0EE410A2D48B0F9700001EE4C
:10ED8000100AB8EEC11AB0EE410A2A48FAF702F9A1
:10ED9000BDEEC00A10EE100A01B24620015394EDF8
:10EDA000031AF0EE410A2248B0F9040001EE100AFD
:10EDB000B8EEC11AB0EE410A1E48B438FAF7EAF8C4
:10EDC000BDEEC00A10EE100A00B2A4F8400094EDA7
:10EDD000051AF0EE410A1648B0F94C0001EE100A8F
:10EDE000B8EEC11AB0EE410A12483C38FAF7D2F830
:10EDF000BDEEC00A10EE100A01B24420015394ED9A
:10EE0000041AF0EE410A0A48B0F9280001EE100A8F
:10EE1000B8EEC11AB0EE410A06487838FAF7BAF8E7
:10EE2000BDEEC00A10EE100A01B24220015310BD1F
:10EE3000B4880020E496002010B52DED028BCC485C
:10EE400090ED030A9FEDCB1AC0EE010ACA4890ED7F
:10EE5000080A9FEDCA1A10EE810AC94880ED000A1F
:10EE600090ED000ADFEDC50AB4EEE00AF1EE10FA0B
:10EE700008DD90ED000ADFEDC30A30EE600A80ED98
:10EE8000000A11E0BE4890ED000ADFEDBF0AB4EEC3
:10EE9000E00AF1EE10FA07D290ED000ADFEDB90AB0
:10EEA00030EE200A80ED000AB84890F848104C3047
:10EEB00000EB810090ED000AB148D0ED000A30EE81
:10EEC000C00AB24880ED070A90ED070ADFEDAB0AF1
:10EED000B4EEE00AF1EE10FA08DD90ED070ADFED7E
:10EEE000A90A30EE600A80ED070A11E0A74890ED0C
:10EEF000070ADFEDA50AB4EEE00AF1EE10FA07D238
:10EF000090ED070ADFED9F0A30EE200A80ED070A38
:10EF10009E4890ED070ADFED9B0A80EE201AB0EEC6
:10EF2000000A21EE000ADFED9A0A20EE200A80EDA9
:10EF30000A0A8F48C078C0F3810001280ED1934897
:10EF4000D0ED070AF1EE600AB0EE600ADFED910A3B
:10EF50009148FAF71FF88D4880ED020A8448C0787E
:10EF6000C0F38100022879D1814890F82400C009BB
:10EF700020B1012816D0022871D171E07C4890F8A8
:10EF80002400C0F3801028B102F0C8FF7F4880ED54
:10EF9000020A06E002F0C2FFB1EE400A7B4880EDB3
:10EFA000020AE1E0724890F82400C0F3801050B3E8
:10EFB00002F0B4FFF0EE408AF4F762FD00EE100AB2
:10EFC000B8EE400ADFED750A80EE201A9FED740A54
:10EFD00021EE000AB0EE408AFEF78AFCDFED6F0AF0
:10EFE00040EE808A6948C0ED028A90ED020ADFEDAA
:10EFF0006D0AB4EEE00AF1EE10FA2ED29FED690A26
:10F0000080ED020A29E002F089FFF1EE408AF4F770
:10F0100037FD00EE100AF8EE400A9FED601A80EE10
:10F02000810ADFED5F0A20EE200AB0EE408AFEF78B
:10F030005FFCDFED5A0A40EE808A5448C0ED028A38
:10F0400090ED020ADFED580AB4EEE00AF1EE10FA94
:10F0500003DD9FED550A80ED020A85E085E06FE053
:10F060005248007830B952480088401C00B25049DC
:10F07000088005E04E480088401E00B24C490880D8
:10F080004B48B0F90000B0F57A7F07DD4FF47A7095
:10F090004749088001204549087009E04448B0F913
:10F0A0000000002804DA0020414908803F49087028
:10F0B0002F4890F82400C0F3801060B13B480078DE
:10F0C00048B102F02BFFDFED3B0A30EE200A2F485B
:10F0D00080ED020A33E0264890F82400C0F3801047
:10F0E00040B13248007828B902F018FF274880ED77
:10F0F000020A24E01E4890F82400C0F3801070B982
:10F100002A48007858B102F009FFDFED2A0A30EEF4
:10F11000200AB1EE400A1D4880ED020A0FE01448B3
:10F1200090F82400C0F3801048B92048007830B926
:10F1300002F0F4FEB1EE400A144880ED020A13E03A
:10F140000B4890F82400C0F3801028B102F0E6FECE
:10F150000E4880ED020A06E002F0E0FEB1EE400A41
:10F160000A4880ED020A00BF00BFBDEC028B10BD53
:10F1700068890020C3F548407888002000003443A7
:10F18000900600200000B443000034C3DC9500204A
:10F19000DA0F494000000000209700200000FA44E8
:10F1A000D00FC94000007A4500007AC59E060020B5
:10F1B0009C06002000007A440A48806840F6B83176
:10F1C00088420BDC0748C068884207DC0548406875
:10F1D000884203DC03480068884201DD0120704753
:10F1E0000020FCE75C97002010B50120404908860C
:10F1F00081F848009FED3F0A084680ED000A9FED28
:10F200003D0A80ED080A9FED3B0A80ED010A9FED63
:10F21000390A80ED090A9FED370A80ED020A9FED59
:10F22000350A80ED050A9FED330A80ED040A9FED53
:10F23000310A80ED030A9FED2F0A80ED060A2E4861
:10F24000C078C0F3810088859FED2C0A084680EDC8
:10F25000130A9FED2B0A80ED140A9FED2A2ADFED99
:10F26000251A9FED241ADFED230AB2EE040A0021CD
:10F270002548FAF767F89FED232ADFED1E1A9FED68
:10F280001D1ADFED1C0AB2EE040A00211E48B43834
:10F29000FAF758F89FED1B2ADFED161A9FED151AA5
:10F2A000DFED140AB2EE040A002117483C38FAF7E1
:10F2B00049F89FED142ADFED0F1A9FED0E1ADFEDCE
:10F2C0000D0AB2EE040A00210F487838FAF73AF82E
:10F2D0009FED0E2ADFED071A9FED061ADFED050AF6
:10F2E0009FED0B0A00210B48FAF72CF810BD000027
:10F2F000DC9500200000000068890020008004C325
:10F3000000003E4200007A46E496002000007A4564
:10F31000000070422097002010B5FAF735F8044835
:10F3200001780448FFF7A8FA01F028FD10BD00009D
:10F33000E00500201806002030B52DED108B87B0B9
:10F3400004460D46C34890ED001AF0EE410A90EDD8
:10F35000081AB0EE410A01F025FCBE4880ED080A0B
:10F3600090ED011AF0EE410A90ED091AB0EE410A53
:10F3700001F018FCB74880ED090A012D7DD19FED01
:10F38000B60BB0EE408AF0EE608A9FEDB30B8DEDC8
:10F39000040B9FEDB10B8DED020B94ED0A0ADFED2E
:10F3A000B00A30EEC00A10EE101A084604F088FFCA
:10F3B00041EC180B94ED0A0ADFEDA90A30EE200AA1
:10F3C00010EE101A084604F07BFFCDE904018DED24
:10F3D000028B94ED020A10EE101A084604F070FF3A
:10F3E00041EC1A0B94ED090A10EE101A084604F0CD
:10F3F00067FF41EC1E0BB0EE480AF0EE680AFEF71C
:10F400002BFBB0EE40FAF0EE60FA53EC1E2B51EC01
:10F410001F0B04F057F941EC1C0B94ED080A10EE99
:10F42000101A084604F04CFF41EC1E0BB0EE480ADF
:10F43000F0EE680AFEF7F8F9B0EE40FAF0EE60FA86
:10F4400053EC1E2B51EC1F0B04F03CF941EC1D0B4F
:10F4500053EC1C2B03F06EFD41EC1B0B53EC1A2BF1
:10F4600003F068FD41EC190B03F002FC606194EDC0
:10F47000020A10EE101A084600E0E7E004F020FF50
:10F4800041EC1A0B94ED090A10EE101A084604F02C
:10F4900017FF41EC1E0B9DED040BFEF7DDFAB0EEFD
:10F4A00040FAF0EE60FA53EC1E2B51EC1F0B04F007
:10F4B00009F941EC1C0B94ED080A10EE101A0846ED
:10F4C00004F0FEFE41EC1E0B9DED040BFEF7ACF9C3
:10F4D000B0EE40FAF0EE60FA53EC1E2B51EC1F0B2D
:10F4E00004F0F0F841EC1D0B53EC1C2B04F0E6FB90
:10F4F00041EC1B0B53EC1A2B03F01CFD41EC190BD8
:10F5000003F0B6FB206194ED020A10EE101A0846D3
:10F5100004F0D6FE41EC1A0B94ED090A10EE101A15
:10F52000084604F0CDFE41EC1E0B9DED020BFEF7EC
:10F5300093FAB0EE40FAF0EE60FA53EC1E2B51EC69
:10F540001F0B04F0BFF841EC1C0B94ED080A10EE01
:10F55000101A084604F0B4FE41EC1E0B9DED020BA0
:10F56000FEF762F9B0EE40FAF0EE60FA51EC1F0BD4
:10F5700003F072FB53EC1E2BCDE900019DED000B57
:10F5800051EC100B04F09EF841EC1D0B53EC1C2BBE
:10F5900004F094FB41EC1B0B53EC1A2B03F0CAFC58
:10F5A00041EC190B03F064FBE06094ED020A10EEED
:10F5B000101A084604F084FE41EC1A0B94ED090A77
:10F5C00010EE101A084604F07BFE41EC1E0B9DED78
:10F5D000040BFEF741FAB0EE40FAF0EE60FA53EC9D
:10F5E0001E2B51EC1F0B04F06DF841EC1C0B94ED3D
:10F5F000080A10EE101A084604F062FECDE9000178
:10F600009DED040BFEF710F9B0EE40FAF0EE60FA53
:10F6100051EC1F0B03F020FB41EC1E0B9DED000B8A
:10F6200053EC102B04F04EF841EC1D0B53EC1C2B4B
:10F6300003F080FC41EC1B0B53EC1A2B03F07AFC1B
:10F6400041EC190B03F014FBA06100BF07B0BDEC47
:10F65000108B30BDDC950020000000000000000091
:10F66000FE0E493FFFF7C0FD0A2002F02DFF00BF4C
:10F67000FFF7E2FB0948FFF781FA01210748FFF78E
:10F680005BFE0648FFF772FB054A0649064801F093
:10F690000FFB012002F018FFEAE70000DC950020D4
:10F6A0005C97002084060020B48800202DE9F047F4
:10F6B0002DED068B8AB082460C46B0EE40AAB0EE25
:10F6C000608AF0EE418AB0EE619AF0EE429A102024
:10F6D000B2EE091AFAEE090AB0EE4A0A00F002FD8B
:10F6E00085B20C20B3EE0E1AFBEE0E0AB0EE480AFD
:10F6F00000F0F8FC86B20C209FED2E1ADFED2E0AEA
:10F70000B0EE680A00F0EEFC87B20C20B1EE041AED
:10F71000DFED290AB0EE490A00F0E4FC1FFA80F898
:10F720000C20B2EE041AFAEE040AB0EE690A00F0F8
:10F73000D9FC1FFA80F90494002006900790082055
:10F74000089028128DF80800E8B28DF80900C6F379
:10F7500007108DF80A003007000E40EA27208DF8C8
:10F760000B00F8B28DF80C00C8F307108DF80D00EF
:10F770004FEA0870000E40EA29208DF80E0009F0CB
:10F78000FF008DF80F0001AB02AA04A95046F2F762
:10F79000F4FF0A49087008460078012804D1084897
:10F7A0000068401C064908600AB0BDEC068BBDE845
:10F7B000F08700000000FA43000000005C04002015
:10F7C0006004002010B503460C46002003E0215CD5
:10F7D000264A1154401C0828F9DB207800F00F005D
:10F7E0001880207800095880A078617840EA0120CC
:10F7F0005860E0780001217940EA21109860607932
:10F80000217901F00F0140EA0120D860A079187435
:10F81000E07958741021DFED160A9FED160A58683A
:10F8200002F098FC83ED050A0C21DFED130A9FED31
:10F83000130A986802F08EFC83ED060A0C21F3EEA1
:10F84000020ABBEE020AD86802F084FC83ED070AC4
:10F8500093ED050ADFED0A0A20EE200ADFED040A27
:10F8600080EE201A83ED081A10BD0000DC04002091
:10F87000D00F4940D00F49C000003442000034C2CC
:10F880000000344330B589B005460C46039400208F
:10F890000590069008200790FF208DF80A008DF84B
:10F8A00009008DF808008DF807008DF806008DF826
:10F8B00005008DF80400FD208DF80B006B4601AAB1
:10F8C00003A92846F2F759FF0149087009B030BD75
:10F8D0005C04002030B589B005460C460394002036
:10F8E0000590069008200790FF208DF80A008DF8FB
:10F8F00009008DF808008DF807008DF806008DF8D6
:10F9000005008DF80400FC208DF80B006B4601AA61
:10F9100003A92846F2F731FF0149087009B030BD4C
:10F920005C04002010B511488078C0F3810048B114
:10F930000F48408830B902210E48FFF7CBFF012065
:10F9400002F0C2FD09488078C0F3810028B1074861
:10F9500090F8250000F0010030B102210548FFF7C2
:10F9600091FF012002F0B0FD10BD00006889002069
:10F9700078880020DC09002010B5028842804A788F
:10F980000B7842EA032212B20280CA788B7842EAEC
:10F99000032212B282804A790B7942EA032212B220
:10F9A000C2808A790272B0F90020B0F90230D21A0E
:10F9B000B2F5805F03DDC268521EC2600AE0B0F992
:10F9C0000020B0F90230D21A12F5805F02DAC26864
:10F9D000521CC260B0F90030C26803EB4232038CA3
:10F9E000D21A02614FF4B474036903FB04F2D31713
:10F9F00002EBD3435B13436110BD0000816900EE4D
:10FA0000101A816A00EE901A20EE200AB5EEC00AA4
:10FA1000F1EE10FA65DD816900EE101AB5EEC00A4C
:10FA2000F1EE10FA03DD816900EE101A04E081693D
:10FA300000EE101AB1EE400A416D00EE901AB4EEDD
:10FA4000E00AF1EE10FA00D87047016D00EE101ACE
:10FA5000416D00EE901A70EE200A816900EE101AD6
:10FA6000B5EEC00AF1EE10FA03DD816900EE101A5E
:10FA700004E0816900EE101AB1EE400AF4EEC00A0B
:10FA8000F1EE10FA28DB016D00EE901A816900EEAC
:10FA9000101AB5EEC00AF1EE10FA03DD816900EE2E
:10FAA000101A04E0816900EE101AB1EE400A70EEFF
:10FAB000C00A416D00EE101A30EE801A016D00EEA2
:10FAC000101AC1EE000A016B00EE101A20EE800A37
:10FAD00010EE101A016304E09FED030A10EE101AF5
:10FAE000016300BFB0E700000000000050F82C1FC9
:10FAF00000EE101A416E00EE901A60EE201A016BB3
:10FB000000EE101A416E00EE901A30EE200A81EEDF
:10FB1000801A016900EE101A016B00EE901A60EE77
:10FB2000201A00EE101A416E00EE901A30EE200AF4
:10FB3000C1EE800A31EE200A10EE101A40F82C199E
:10FB4000704710B50446D4F8940090BBB4F8600038
:10FB5000022817DD206901EE100AB1EE411AF0EE1D
:10FB6000410AD4F8900000EE100A04F16200F8F7A0
:10FB7000F9FEE06800EE900A20EE200A10EE100A6E
:10FB8000E06257E0606900EE100A206900EE900A1A
:10FB900070EE600AE06800EE100A20EE801AD4F8D9
:10FBA000900000EE100AC1EE000A10EE900AE0622A
:10FBB00040E0FFE7B4F8600002281EDD206901EE96
:10FBC000100AB1EE411AF0EE410AD4F8900000EEAE
:10FBD000100A04F16200F8F7C5FEE06800EE900A32
:10FBE000D4F89400806801EE100A70EE810A20EECD
:10FBF000200A10EE100AE0621CE0E06800EE100A35
:10FC0000D4F89400806800EE900A30EE201A606903
:10FC100000EE100A206900EE900A30EE600A21EE34
:10FC2000001AD4F8900000EE900A81EE200A10EE3F
:10FC3000100AE06210BD0000816A00EE101A016B2C
:10FC400000EE901A30EE200A344981ED000A416A34
:10FC500000EE101A816A00EE901A70EE200AC16A56
:10FC600000EE101A30EE800A2D4981ED000A91ED68
:10FC7000000AB5EEC00AF1EE10FA02DD91ED000ABD
:10FC800004E0274991ED000AB1EE400A016C00EE54
:10FC9000901AB4EEE00AF1EE10FA11DD816900EE7F
:10FCA000101A816A00EE901A20EE200AB5EEC00A02
:10FCB000F1EE10FA04DD9FED1B0A10EE101A01633D
:10FCC000416C00EE101A1549D1ED000AB4EEE00ABD
:10FCD000F1EE10FA06D29FED130A10EE101A01632E
:10FCE000416C8162416C00EE101AB1EE400A0B4982
:10FCF000D1ED000AB4EEE00AF1EE10FA0CDD9FED52
:10FD0000090A10EE101A0163416C00EE101AB1EEF0
:10FD1000400A10EE101A816270470000EC030020C8
:10FD2000E80300200000000050F8341F00EE101A15
:10FD3000C16D00EE901A60EE201A416A00EE101AB2
:10FD4000C16D00EE901A30EE200A81EE801A4168F3
:10FD500000EE101A416A00EE901A60EE201A00EED2
:10FD6000101AC16D00EE901A30EE200AC1EE800A22
:10FD700031EE200A10EE101A40F834197047416B2A
:10FD800000EE101A016C00EE901AB4EEE00AF1EEEB
:10FD900010FA01DD016C4163416B00EE101A016C39
:10FDA00000EE901AF1EE600AB4EEE00AF1EE10FAFD
:10FDB00007D2016C00EE101AB1EE400A10EE101AD4
:10FDC0004163704710B5416B00EE101A016C00EEF4
:10FDD000901A9FED261A60EE810AB4EEE00AF1EE69
:10FDE00010FA0BD3016800EE101AB0EEC00ADFED76
:10FDF000200AB4EEE00AF1EE10FA00D210BD01685C
:10FE000000EE101A016900EE901A30EE600AF0EE72
:10FE1000C00A016800EE101AB0EEC00A80EE801A27
:10FE20009FED140AB4EEC01AF1EE10FA09DD50F895
:10FE3000994F4168631C41F10001036041609938AA
:10FE400004E00022C0F89920C0F89D20D0F8994025
:10FE5000D0F89D304FF4FA720021121B994102D262
:10FE60000122A1210A5400BFC8E700006F12833AA3
:10FE700017B7D1383333733F416A00EE101A016C63
:10FE800000EE901AB4EEE00AF1EE10FA01DD016C1A
:10FE90004162416A00EE101A016C00EE901AF1EE18
:10FEA000600AB4EEE00AF1EE10FA07D2016C00EE3F
:10FEB000101AB1EE400A10EE101A41627047D0F8E5
:10FEC0009410D1B9816900EE101AC16900EE901A40
:10FED00030EE200AB0EE001AC0EE010A816800EE92
:10FEE000101A60EE800AD0F8901000EE101A20EE82
:10FEF000800A10EE101A016320E0816900EE101AEA
:10FF0000C16900EE901A30EE200AF0EE000A80EE91
:10FF1000201A816800EE101AD0F89410496800EE9B
:10FF2000901A30EE200A61EE000AD0F8901000EE30
:10FF3000101A20EE800A10EE101A0163704782B08A
:10FF4000CDE9000121F0004001909DED000B02B0D1
:10FF500051EC100B704770B504460026FDF7E6F92A
:10FF6000054672B661682069884201D9206820611F
:10FF7000206906782069401C2061A068401CA060B0
:10FF8000E068401EE0602846FEF7FAFA304670BD91
:10FF9000034619608818401E58609A600020D86097
:10FFA0001961596170472DE9F047044688461546A6
:10FFB000FDF7BCF9824672B6B8F1000F00D13CE003
:10FFC000A06800B939E061686069884201D9206899
:10FFD0006061A068A84201DD284600E0A0680546EF
:10FFE00061696068401A461CAE4209DB2E46324603
:10FFF00041466069F0F7DBFF6069304460610FE003
:020000040801F1
:10000000A5EB0609324641466069F0F7D0FF08EBE0
:1000100006014A462068F0F7CAFF2068484460613C
:10002000A068401BA060E0682844E0602F4650466E
:10003000FEF7A6FA3846BDE8F0875046FEF7A0FA6C
:100040004FF0FF30F7E70146C868704710EE102AFE
:10005000C2600A688260DFED050A10EE902A026035
:10006000DFED020A10EE902A4260704700000000A7
:10007000F0EE401AF4EEE01AF1EE10FA02D2B0EE11
:10008000600A7047F4EEC11AF1EE10FA02DDB0EE2C
:10009000410AF6E7B0EE610AF3E70000FDEEC00AA0
:1000A0000E48C0ED000AD0ED000AF8EEE00A70EE4E
:1000B000600A0B48C0ED000AD0ED000AB6EE001A47
:1000C000F4EEC10AF1EE10FA04DD04480068401CA9
:1000D000024908600148006870470000B400002031
:1000E000B8000020014671EE602AF0EE621AB0EE10
:1000F000602A30EE423A01208840401E02EE900A0B
:10010000F8EEE22A63EE222A82EEA13AFDEEC32A3D
:1001100012EE900A7047000030B5034613B94FF64F
:10012000FF7030BD09E013F8014B82EA0400C0B251
:10013000054D35F8100080EA2222081EA1F10101C8
:10014000F1D11046EDE700007649010830B50346CD
:1001500005E013F8010B80EA02040448025D081E62
:10016000A1F10101F5D1104630BD0000754801082C
:100170004A780B7842EA032212B202800288028493
:100180007047000010B54348807820F00C004149CA
:10019000887000204049C88088800120888188823A
:1001A000002088843D499FED3E0A3E48FFF74EFF00
:1001B000B1EE0C2ADFED3C1A9FED3B1ADFED3A0A57
:1001C0009FED3A0A00213A48F9F7BCF8B1EE002A4F
:1001D000DFED351A9FED341ADFED330AB7EE000A72
:1001E00000213448F9F7AEF8B1EE0C2ADFED2E1AF3
:1001F0009FED2D1ADFED2C0A9FED2C0A00212E48D1
:10020000F9F7A0F8B1EE042ADFED271A9FED261AC0
:10021000DFED250A9FED290A00212948F9F792F818
:10022000B1EE0C2ADFED201A9FED1F1ADFED250A33
:100230009FED1E0A00212448F9F784F8B1EE002A48
:10024000DFED191A9FED181ADFED200AB7EE000A4C
:1002500000211F48F9F776F8B1EE0C2ADFED121AEB
:100260009FED111ADFED100A9FED1A0A00211A48BE
:10027000F9F768F8B1EE002ADFED0B1A9FED0A1AC4
:10028000DFED090A9FED150A00211548F9F75AF824
:1002900010BD000068890020E498002000070020BD
:1002A000295C8F3E44990020000000003333333F27
:1002B0005499002090990020CC9900203333B33F0B
:1002C000089A00206F12833ABC9A002017B7D138E1
:1002D000F89A00209A99193F349B0020CDCC4C3FCE
:1002E000709B002000B50E488078C0F3810030B1CB
:1002F000012807D0022808D003280CD108E000F01C
:1003000033F80BE000F03CF808E000F087F805E077
:1003100000F008F802E000F027F800BF00BF00BDC1
:100320006889002000B50D4890ED0A0A0C48D0ED10
:10033000050A9FED0C1A00EEC10A084880ED0A0A72
:1003400001F0BCFE0548D0ED0A0AB0EE600A02F0EA
:1003500061FC024880ED0A0A00BD0000E49800201C
:100360006889002052499D39034890ED1E0A0348D0
:1003700080ED0A0A704700006C970020E498002086
:1003800000B51E4890ED030ADFED1D1AC0EE210AEC
:10039000DFED1C1A9FED1C0A10EEA10AB0EE401A08
:1003A00002F038FCF2EE0E0A80EE201A174880EDBB
:1003B000101A17484088012812D1144890ED100AED
:1003C00020EE000AD0ED100A60EE200A114890EDF0
:1003D0001E0A9FED111A00EEC10A0C4880ED0A0AB0
:1003E00001F06CFE0948D0ED0A0AB0EE600A02F096
:1003F00011FC064880ED0A0A00BD00006889002053
:10040000C3F54840000034432A9EEF42E4980020A0
:10041000788800206C970020CDCC4C3F00B51A485E
:1004200090ED030ADFED191AC0EE210ADFED181A6C
:100430009FED180A10EEA10AB0EE401A02F0EAFB96
:10044000F2EE0E0A80EE201A134880ED101A90ED9D
:10045000100A20EE000AD0ED100A60EE200A0F48C4
:1004600090ED1E0AB6EE001A00EEC10A0A4880EDB1
:100470000A0AD0ED0A0AB0EE600A02F0CBFB064889
:1004800080ED0A0A00BD000068890020C3F54840DD
:10049000000034432A9EEF42E49800206C9700202D
:1004A00000B50D488078C0F3810030B1012807D035
:1004B000022808D003280CD108E000F031F809E048
:1004C00000F03AF806E000F083F803E000F006F8E8
:1004D00000E000BF00BF00BD6889002000B50D48E6
:1004E00090ED0A0A0C48B0F9080000EE900AF8EE08
:1004F000E00A9FED0A1A00EEC10A064880ED0A0ADA
:10050000D0ED0A0AB0EE600A02F084FB014880EDEB
:100510000A0A00BDE49800206889002052499D39EC
:10052000034890ED1E0A034880ED0A0A7047000058
:100530006C970020E498002000B51D4890ED030A58
:10054000DFED1C1AC0EE210ADFED1B1A9FED1B0A1E
:1005500010EEA10AB0EE401A02F05CFBDFED180AC3
:1005600080EE201A174880ED101A1748408801289D
:1005700012D1144890ED100A20EE000AD0ED100AB6
:1005800060EE200A114890ED1E0AB6EE001A00EE49
:10059000C10A0C4880ED0A0A0A48D0ED0A0AB0EEFA
:1005A000600A02F037FB074880ED0A0A00BD000030
:1005B00068890020C3F54840000034432A9EEF427A
:1005C00000003441E4980020788800206C970020D7
:1005D00000B5264890ED030ADFED251AC0EE210A8A
:1005E000DFED241A9FED240A10EEA10AB0EE401AA6
:1005F00002F010FBDFED210A80EE201A204880ED8A
:10060000101AC08C012813D11D4890ED100A20EE5D
:10061000000AD0ED100A60EE200A1A4890ED1E0A7A
:10062000B6EE001A00EEC10A154880ED0A0A12E083
:10063000134890ED100A20EE000AD0ED100A60EE8B
:10064000200A104890ED1E0A9FED0F1A00EEC10A15
:100650000B4880ED0A0A0A48D0ED0A0AB0EE600A9B
:1006600002F0D8FA064880ED0A0A00BD6889002029
:10067000C3F54840000034432A9EEF420000344155
:10068000E49800206C970020CDCCCC3D10B52DED2A
:10069000028BC24890ED0A1AF0EE410AC04890ED74
:1006A0001E1AB0EE410A01F027FBB0EE408ABD48A9
:1006B0008078C0F3810000287DD0012804D0022872
:1006C0007AD0032879D15EE0F0EE480A9FEDB60AB1
:1006D000B648F8F75FFCB34890F82400C0F38010E8
:1006E000D8B1B048C078C0F38100022815D1AF4816
:1006F00090ED081AF0EE410AA94890ED061AB1EE05
:10070000411AB0EE410AAA48F8F744FCDFEDA90A05
:1007100030EE200AA14880ED0B0AA24890F8240090
:10072000C0F38010E0B99F48C078C0F38100022870
:1007300016D19E4890ED081AF0EE410A984890EDC7
:10074000061AB1EE411AB0EE410A9948F8F722FCB8
:10075000DFED980A30EE600A904880ED0B0A11E058
:10076000924890ED081AF0EE410A8D4890ED061A75
:10077000B1EE411AB0EE410A8D48F8F70BFC8748FC
:1007800080ED0B0A06E1F0EE480A9FED870A8A48E1
:10079000F8F700FC884890ED081AF0EE410A80480E
:1007A00090ED061AB0EE410A8448F8F7F3FBB1EE7B
:1007B000400A834802E0E6E00CE0EAE0D0ED020AFD
:1007C0009FED801AC0EE811A30EE210A734880ED49
:1007D0000B0ADFE073488078C0F3011000287DD059
:1007E000012804D0022861D0032878D17BE0F0EE04
:1007F000480A9FED6D0A7448F8F7CCFB694890F8F9
:100800002400C0F38010D8B16648C078C0F38100DE
:10081000022815D16C4890ED081AF0EE410A6048A4
:1008200090ED061AB1EE411AB0EE410A6748F8F7AA
:10083000B1FBF7EE080A30EE200A584880ED0B0AAB
:10084000584890F82400C0F38010E0B95548C078AB
:10085000C0F38100022816D15B4890ED081AF0EE33
:10086000410A4F4890ED061AB1EE411AB0EE410A26
:100870005648F8F78FFBF7EE080A30EE600A474853
:1008800080ED0B0A11E0504890ED081AF0EE410A95
:10089000434890ED061AB1EE411AB0EE410A4B48BA
:1008A000F8F778FB3D4880ED0B0A6AE0F0EE480A65
:1008B0009FED3D0A4648F8F76DFB454890ED081A54
:1008C000F0EE410A364890ED061AB1EE411AB0EE4C
:1008D000410A4048F8F75EFB304801E01DE036E091
:1008E00080ED0B0A4DE0F0EE480A9FED2F0A3848E4
:1008F000F8F750FB364890ED081AF0EE410A284808
:1009000090ED061AB1EE411AB0EE410A3148F8F7FF
:1009100041FB224880ED0B0A33E0F0EE480A9FEDE0
:10092000220A2248F8F736FB204890ED081AF0EE2C
:10093000410A1B4890ED061AB1EE411AB0EE410A89
:100940001B48F8F727FB154880ED0B0A19E0F0EE7D
:10095000480A9FED150A1548F8F71CFB134890ED5F
:10096000081AF0EE410A0E4890ED061AB1EE411A4F
:10097000B0EE410A0E48F8F70DFB084880ED0B0A6F
:1009800000BF00BF06E09FED080A044880ED0B0A97
:1009900000E000BF00BFBDEC028B10BDE49800205A
:1009A0006C97002068890020000000005499002006
:1009B000909900206666A63FCC990020089A0020F6
:1009C000DC9500200000FA44BC9A0020F89A002030
:1009D000349B0020709B0020FFF7D4FB0A2001F01D
:1009E00073FD00BF0D48807800F0030010B10128AE
:1009F00006D102E0FFF754FD03E0FFF773FC00E0CF
:100A000000BF00BFFFF742FE04488078C0F38100BA
:100A100003498880012001F057FDE3E76889002041
:100A2000E498002010B5334800210160017132487C
:100A3000016001713148016041600181817230487B
:100A4000017010212F48F0F731FB2F480021016081
:100A50002E48018081702E48018081700D212D4823
:100A6000F0F724FB0E212C48F0F720FB2B48002147
:100A70000160416081602A4801604160294801703D
:100A800029480160818081712848016041602848BF
:100A90000160017127480160818028212648F0F714
:100AA00005FB2648002101802548016081802548FA
:100AB00001702548016081801E212448F0F7F6FA74
:100AC0002348002101604160816018212148F0F72E
:100AD000EDFA214800210160416069211F48F0F7CB
:100AE000E5FA22211E48F0F7E1FA1E211D48F0F731
:100AF000DDFA10BDFC040020010500201D8A002045
:100B000006050020288A0020070500200B0500208C
:100B10000E050020388A0020458A0020538A0020D4
:100B200011050020190500201B05002022050020CA
:100B30002A0500202F0500205F8A002035050020AF
:100B4000370500203D0500203E050020878A002053
:100B5000A58A0020B18A002045050020C98A00200E
:100B6000328B0020548B0020F0EE400AF6EE001A83
:100B700060EEA11AB0EE611AB0EE600A10EE100A33
:100B80000749A1EB600000EE100A21EE002AF7EE03
:100B9000081A42EE401A61EE801AB0EE610A704700
:100BA000865A375F10B52DED088BB0EE408AF0EE17
:100BB000608A01F0C9F810EE104A204603F080FB6D
:100BC00041EC190B38EE680A10EE101A084603F0D3
:100BD00077FB41EC1B0BB0EE4B0AF0EE6B0AFCF717
:100BE0002FFFB0EE40AAF0EE60AA53EC192B51ECA7
:100BF0001A0B02F006FF15D8B4EEE88AF1EE10FAEF
:100C000005DD01F0A1F838EE400AF0EE408AB4EEBE
:100C1000E88AF1EE10FA05D201F096F830EE080AF3
:100C2000F0EE408AB0EE680ABDEC088B10BD000003
:100C3000F2F738FFF8F716FEF7F756FCF7F766FB02
:100C4000F7F7B2FDF7F7D4FDF7F718FBF7F73AFB24
:100C5000F7F72EFEF7F74AFEF7F700FEF7F78AFDE3
:100C6000F7F760FEFDF748FFFDF766FF012211036D
:100C70000948F2F7FFFEA820F1F756FB00BF01215B
:100C80000648F0F7ABFD0028F9D1F7F79BFB00F021
:100C900041F800BFFEE70000001C02404C0A0020A3
:100CA00001460020842901D0CA1C1044704700006E
:100CB00030B5034600201CE000EBC0040E4D05EBF0
:100CC0008404B4F9064031F91050AC4205D152F811
:100CD0002040641C42F820400AE0002442F82040F2
:100CE00000EBC004044D05EB8404E48821F81040B7
:100CF000401C0428E0DB30BDB488002070B50446F9
:100D000025460DB1294600E00121084601F0DCFB33
:100D1000002070BD10B501F005FC002010BD7FB5AE
:100D200004460D46606998B1A06988B1B4F908001D
:100D3000FFF7B6FF0646D4E90510CDE90061029041
:100D40002B462269D4E9001001F0B0FD039013E0B6
:100D5000B4F90800FFF7A4FF064603A8CDE9006038
:100D6000238A9AB22B46D4E9001001F06DFD0128C8
:100D700002D0002004B070BD0398FBE710B52DED44
:100D8000108B8EB09FEDFE0AB0EE40AA9FEDFC0ADC
:100D9000B0EE408A9FEDFB0AB0EE40FAFA4890EDC3
:100DA000020AB0EE40AA9FEDF60AF0EE40AA9FEDCF
:100DB000F40AB0EE40EA0020ECE0C0EB0011F34A88
:100DC00002EB810191ED080ABDEEC00A10EE101A87
:100DD0000AB2ED49143121F8102000EBC001EC4AB1
:100DE00002EB81018A88E8491C3121F8102000EBD0
:100DF000C001E74A02EB8101CA88E349243121F8A6
:100E00001020103931F9101000EE101AB8EEC00A97
:100E1000DFEDDC0A60EE200ADB491C3131F91010ED
:100E200000EE101AB8EEC00A20EE800AD94901EB94
:100E3000800191ED001AD4491C3131F9101000EEF7
:100E4000901AF8EEE00A21EE201ACF491C3131F950
:100E5000101000EE901AF8EEE00A01EE200ACD49DB
:100E6000103101EB800191ED001AC749143131F9BD
:100E7000101000EE901AF8EEE00A21EE201AC24996
:100E8000143131F9101000EE901AF8EEE00A01EE7C
:100E9000200AC049203101EB8001D1ED000A30EE7B
:100EA000200A0AA901EB800181ED000A0AA901EBE1
:100EB000800191ED000AB5EEC00AF1EE10FA00D201
:100EC00067E0B149243131F9101000EE101AB8EE84
:100ED000C00ADFEDAC0A60EE200AAB491C3131F9E3
:100EE000101000EE101AB8EEC00A20EE800AA949D0
:100EF00001EB800191ED001AA3491C3131F910106A
:100F000000EE901AF8EEE00A21EE201A9E491C31FC
:100F100031F9101000EE901AF8EEE00A01EE200A06
:100F20009C49103101EB800191ED001A9649243162
:100F300031F9101000EE901AF8EEE00A21EE201AB6
:100F40009149243131F9101000EE901AF8EEE00AC0
:100F500001EE200A8F49203101EB8001D1ED000A1A
:100F600030EE200A30EE0E0AB0EE40EA0AA901EB9C
:100F7000800191ED000A30EE2A0AF0EE40AA0AA99B
:100F800001EB800191ED000A30EE080AB0EE408AD4
:100F900000BF401C0428FFF610AF7B4880ED01EA3B
:100FA000C0ED00AA7C4880ED008AB4EECA8AF1EE5A
:100FB00010FA7CDD8AEE080AF0EE40EA7748C0EDD0
:100FC00000EA002437E10AA800EB840090ED000A53
:100FD00020EE2E0A06A800EB840080ED000A06A889
:100FE00000EB840090ED000AB5EEC00AF1EE10FAB5
:100FF00000D21EE1674800EB8400D0ED008A04EBCC
:10100000C400634901EB8000B0F9040000EE100A4F
:10101000B8EEC00A20EE0F9A5E48103000EB840054
:10102000D0ED000A04EBC40001EB8000B0F904002D
:1010300000EE100AB8EEC00A60EE800A04EBC400AD
:1010400001EB8000B0F9040000EE100AB8EEC01AFF
:1010500006A800EB840090ED000A10EE810A4D48CE
:10106000203000EB8400D0ED000A70EE209AC4EB33
:101070000410464901EB800090ED080AB5EEC00A65
:10108000F1EE10FA64DDB0EE000A28EE800A10EEF0
:10109000101A084603F014F929EE090AF1EE000AC5
:1010A00068EEA00A00EEE90ACDE9020100E0C6E020
:1010B00010EE101A084603F003F941EC1D0BB0EED8
:1010C0004D0AF0EE6D0AFCF72BFDB0EE40BAF0EEE3
:1010D00060BAB1EE490A10EE100A03F0F1F841ECE3
:1010E0001C0B53EC1B2B01F025FFCDE900019DEDFE
:1010F000020B53EC102B9DED000B51EC100B02F08A
:101100004BF8CDE904019DED040B51EC100B01F0FF
:10111000AFFD0FEE900A1FEE900A03F0D1F81A4AC5
:10112000C2E90C019FED1E0AF4EEC0FAF1EE10FACE
:1011300005DD4FF47A511B4820F8141007E0BDEE8E
:10114000EF0A10EE100A01B2164820F814106FE0F2
:10115000B0EE000A28EE800A10EE101A084603F0DE
:10116000AFF841EC1B0B29EE090AF1EE000A68EE1C
:10117000A00A00EEE90A10EE101A084614E000007A
:10118000000000004F0206361806002030960020AE
:10119000B4880020E4050020800600207C060020A2
:1011A00000007A461C96002003F08AF841EC1D0BE3
:1011B000B0EE4D0AF0EE6D0AFCF7B2FC8DED020BBD
:1011C000B1EE490A10EE100A03F07AF8CDE90001F9
:1011D0009DED020B53EC102B9DED000B51EC100B11
:1011E00002F06CFD41EC1C0B53EC1B2B01F0D4FF07
:1011F000CDE904019DED040B51EC100B01F038FD1D
:101200000FEE900A9FED110AF4EEC0FAF1EE10FA1B
:1012100005D24CF280110E4820F8141007E0BDEE04
:10122000EF0A10EE100A01B2094820F8141000BFAE
:1012300000BF601CC4B2042CFFF6C5AE00BF054859
:1012400080ED008A0EB0BDEC108B10BD00007AC698
:101250001C960020780600202DE9F04105460E4638
:101260001C4807681C480068001D01F029F850B9A7
:101270001948006890F82C10012088401749096827
:10128000814316480160681C38B936B112480168BC
:10129000091D134801F05EF81AE07C190E48006839
:1012A0004460BC4207D20C480168091D0D48006823
:1012B00001F036F80CE008480168091D0A4800688A
:1012C00001F02EF809480068844201D20748046002
:1012D000BDE8F08158000020440000205C000020A0
:1012E0006C1400204C0000204800002074000020F6
:1012F00010B5044601F03AF824480068401C234920
:1013000008602348006840B9214804600846006826
:1013100001280DD100F046F90AE01E48006838B9EE
:101320001B480068C06AE16A884201D81848046016
:1013300019480068401C1849086008460068606445
:1013400094F82C1001208840144909680843134977
:101350000860E16A01EB8101114A02EB8100211D65
:1013600000F0F8FF01F02CF80A48006868B108485E
:101370000068C06AE16A884207D24FF0805009498C
:101380000860BFF34F8FBFF36F8F10BD5400002074
:101390004400002060000020700000205C0000205D
:1013A0009013002004ED00E010B516E000F0DEFF21
:1013B0000C48C068C468201D00F082FF0A4800681D
:1013C000401E0949086009480068401E0749086036
:1013D00000F0F6FF204600F00BF8044800680028F3
:1013E000E4D110BD5814002054000020500000200B
:1013F00010B5044694F8590030B9206B00F0FEFF98
:10140000204600F0FBFF1AE094F85900012803D1B0
:10141000204600F0F3FF12E094F85900022801D1B1
:10142000012000E0002050B900BF502080F3118857
:10143000BFF34F8FBFF36F8F00BF00BFFEE710BD3C
:1014400030B547F24813174800F007042CB1C01D0F
:1014500020F00700134C041B1B1B0246124C226099
:101460000024114D6C60D018083820F007000F4C94
:10147000206000240D4D2D686C600C4D2D682C6093
:101480001146441A4C60094C24680C60084D4C68A5
:101490002C60084D4C682C604FF00044064D2C60C9
:1014A00030BD000080140020800000208800002053
:1014B000900000208C0000209C00002000BFFFF75F
:1014C00073FF064800680128F9D94FF0805004499D
:1014D0000860BFF34F8FBFF36F8FF0E790130020CA
:1014E00004ED00E02DE9F05F82460E4690469B46F3
:1014F0000A9F0C9C4FEA8801A522206BEFF7CEFDD6
:10150000A8F10100216B01EB800929F0070909F01E
:10151000070008B9012000E0002050B900BF5020AA
:1015200080F31188BFF34F8FBFF36F8F00BF00BFF1
:10153000FEE786B1002507E0715D04F134004155F6
:10154000705D00B902E06D1C102DF5D300BF0021C5
:101550004320015502E0002084F83400072F00D317
:101560000627E762E76400202065201D00F0D5FE15
:1015700004F1180000F0D1FE2461C7F10700A0615A
:1015800064620020606584F858005A465146484617
:1015900000F050F920600B9808B10B980460BDE88A
:1015A000F09F000010B5002407E004EB84010F4A0F
:1015B00002EB810000F0A4FE641C072CF5D30C485C
:1015C00000F09EFE0B4800F09BFE0B4800F098FEDA
:1015D0000A4800F095FE0A4800F092FE04480949C6
:1015E000086004480849086010BD000090130020FE
:1015F0001C14002030140020441400205814002033
:101600006C140020480000204C00002010B501465A
:10161000164800E0006803688B42FBD3024643682B
:1016200013448B4204D143684C6823444360014611
:101630000A464B6813440468A34211D10C4C03685A
:101640002468A34208D04B680468646823444B6054
:1016500003681B680B6005E0054B1B680B6001E02D
:1016600003680B60884200D0016010BD800000203C
:10167000880000200A490968096809B9012100E0C9
:10168000002121B14FF0FF31064A116006E0044904
:101690000968C968C868034A41681160704700005A
:1016A00048000020740000200E480068401C08B963
:1016B000012000E0002050B900BF502080F31188C5
:1016C000BFF34F8FBFF36F8F00BF00BFFEE700BFB8
:1016D000502080F31188BFF34F8FBFF36F8F00BF8F
:1016E00000BFFEE7A00000202DE9F04104464FF0C6
:1016F000000800F06FFF4948006808B9FFF7A0FE36
:10170000474800682040002870D1D4B1083404F064
:101710000700B0B104F00700C0F10800044404F071
:10172000070008B9012000E0002050B900BF502098
:1017300080F31188BFF34F8FBFF36F8F00BF00BFDF
:10174000FEE7002C52D03748006884424ED8364E0F
:101750003046056801E02E462D686868A04202D236
:1017600028680028F7D12D48006885423ED03068AF
:1017700000F10808286830606868001B102819D933
:101780002F1907F0070008B9012000E0002050B928
:1017900000BF502080F31188BFF34F8FBFF36F8FCE
:1017A00000BF00BFFEE76868001B78606C603846C9
:1017B000FFF72CFF1B4968680968081A1949086077
:1017C0000846006819490968884203D2154800682C
:1017D0001649086012496868096808436860002073
:1017E000286013480068401C1149086001F060F946
:1017F00008F0070008B9012000E0002050B900BF40
:10180000502080F31188BFF34F8FBFF36F8F00BF5D
:1018100000BFFEE74046BDE8F081000088000020E0
:101820009C0000208C000020800000209000002000
:1018300094000020001F4FF080730360001F21F010
:1018400001030360001F054B036014380260001F92
:101850006FF002030360203870470000A9160108EA
:1018600038B50446002000900025894821680160B1
:10187000217901716D1D601900880090AD1C062052
:1018800084490860BDF8001040F20922881A91428C
:1018900071D021DC40F20122A1EB020091425ED026
:1018A00012DC40F20112A1EB0200914244D006DCAE
:1018B00001292CD0022935D0032974D136E0032820
:1018C0003FD00428F9D143E008286CD2DFE800F0CB
:1018D000DD4D545DDD646C79F9286ED00EDC042892
:1018E0006CD006DC01287BD0022869D00328E4D123
:1018F00083E0052873D0F828DFD18EE0FA38072876
:10190000E3D2DFE800F097C2A3A9B0B6BC0060192B
:10191000614902680A6042684A6002890A81807AE5
:101920008872B3E05D48615D0170AFE0611910221B
:101930005B48EFF73CFBA9E061195A480968016070
:10194000A4E06019584902880A80807888709DE078
:10195000611956480A8802808978817096E0611979
:101960000D225348EFF723FB90E061190E225148F6
:10197000EFF71DFB8AE02BE060194F4902680A600F
:1019800042684A608068886080E061194B480A6854
:1019900002604968416079E04948615D0170012059
:1019A0004849087072E070E0611947480A680260AF
:1019B0008A8882808979817168E035E022E00FE0D1
:1019C00015E0611941480A680260496841605DE0BC
:1019D00061193F480A6802600979017156E018E010
:1019E00061193C480A680260898881804EE061196B
:1019F00028223948EFF7DBFA48E0611937480988AF
:101A0000018043E06019364902680A608088888056
:101A10003CE03448615D017038E060193249026889
:101A20000A608088888031E061191E222F48EFF714
:101A3000BEFA2BE060192E4902680A6042684A60CB
:101A40008068886001202B4908701FE06119182206
:101A50002948EFF7ACFA19E0611928480A680260D2
:101A60004968416012E0611969222548EFF79FFA41
:101A70000CE0611922222348EFF799FA06E0611978
:101A80001E222148EFF793FA00E000BF00BF38BDE7
:101A9000FC040020680500201D8A002006050020A7
:101AA000288A0020070500200B0500200E050020D5
:101AB000388A0020458A0020538A00201105002022
:101AC000190500201A0500201B0500202205002012
:101AD0002A0500202F0500205F8A00203505002000
:101AE000370500203D0500203E050020878A0020A4
:101AF000A58A002044050020B18A00204505002069
:101B0000C98A0020328B0020548B002070B500253C
:101B1000A5264F4C95E04F48FEF71DFA054694F870
:101B2000860006287ED2DFE800F003142038445FE8
:101B3000B5420AD10120873404F8010C2188481CE1
:101B400024F88709A01D455402E00020A4F887006E
:101B500076E0A580B4F88710481CA4F88700A01D83
:101B60004554022084F886006AE0A08840EA0520F7
:101B7000A080B4F88710481CA4F88700A01D455425
:101B8000A088772803D2032084F8860004E0002090
:101B900084F88600A4F8870052E034F8871F208874
:101BA000401C24F88709A01D4554042084F88600B1
:101BB00046E034F8871F2088401C24F88709A01DC0
:101BC0004554B4F8870005280DD10521A01D00F06B
:101BD0006FFD18B1052084F8860004E0002084F829
:101BE0008600A4F887002BE0B4F88710A08809309D
:101BF000814207D234F8871F2088401C24F88709C7
:101C0000A01D4554B4F88710A0880930814210D334
:101C1000002084F88600A4F88700A08800F109015C
:101C2000A01D00E006E000F023FD10B1A01DFFF7AD
:101C300017FE05E0002084F88600A4F8870000BFA6
:101C400000BF0448FEF7FFF900287FF464AF70BDC1
:101C500050950020389100201E2000F035FC00BF78
:101C6000FDF760FE0848007810B900F0A3FF01E01E
:101C7000F0F7BCFC012000F027FCFDF74BF8012039
:101C800000F022FCECE70000E50400202DE9F04321
:101C900089B081460E4614461D46DDE9107803964C
:101CA00000200590069008200790200A8DF8040077
:101CB000E0B28DF80500280A8DF80600E8B28DF82C
:101CC0000700380A8DF80800F8B28DF809004FEACD
:101CD00018208DF80A0008F0FF008DF80B006B4605
:101CE00001AA03A94846F0F748FD0249087009B067
:101CF000BDE8F0835C040020B0EE401A70EEC11A1B
:101D0000B0EE610ADFED0D1AB4EEE10AF1EE10FA61
:101D100006DDDFED0B1A70EE611AB0EE610A0CE021
:101D2000DFED081AB4EEE10AF1EE10FA05D2DFEDAC
:101D3000041A70EE211AB0EE610A704700003443B5
:101D40000000B443000034C31048C078C0F3011051
:101D5000012805D1B3EE090A0D4880ED0F0A10E005
:101D60000A48C078C0F30110022805D19FED090A86
:101D7000074880ED0F0A04E0B3EE090A044880ED3D
:101D80000F0A034890ED0F0A704700006889002091
:101D9000DC950020000020424D48C078C0F30110BF
:101DA000002879D14B48B0F910004B2842D00EDC06
:101DB0003C282DD006DC2D2818D032281CD03728FE
:101DC00063D11FE0412829D046285ED12CE05F284E
:101DD00048D006DC502833D0552837D05A2854D163
:101DE0003AE0642844D078284FD147E09FED3A0A82
:101DF0003A4880ED0D0A4EE09FED390A374880EDF4
:101E00000D0A48E09FED370A344880ED0D0A42E0A4
:101E10009FED350A314880ED0D0A3CE09FED330A15
:101E20002E4880ED0D0A36E09FED310A2B4880EDFB
:101E30000D0A30E09FED2F0A284880ED0D0A2AE0B8
:101E40009FED2D0A254880ED0D0A24E09FED2B0A19
:101E5000224880ED0D0A1EE09FED290A1F4880ED03
:101E60000D0A18E09FED270A1C4880ED0D0A12E0CC
:101E70009FED250A194880ED0D0A0CE09FED230A1D
:101E8000164880ED0D0A06E006E09FED210A134892
:101E900080ED0D0A00BF16E00D48C078C0F30110B8
:101EA000012805D19FED1B0A0C4880ED0D0A0AE0C0
:101EB0000748C078C0F30110022804D19FED160A2C
:101EC000064880ED0D0A054890ED0D0A70470000A8
:101ED000688900201806002000802245DC9500203B
:101EE00000C0284500E02B4500C0414500E04445C6
:101EF0000090494500404E450060514500705545F1
:101F000000205A4500805E450040624500606A45F9
:101F100000C0324500004845007094454D48C078E7
:101F2000C0F30110002879D14B48B0F910004B28BC
:101F300042D00EDC3C282DD006DC2D2818D03228CB
:101F40001CD0372863D11FE0412829D046285ED114
:101F50002CE05F2848D006DC502833D0552837D0F5
:101F60005A2854D13AE0642844D078284FD147E029
:101F70009FED3A0A3A4880ED0E0A4EE09FED370A8F
:101F8000374880ED0E0A48E09FED340A344880ED72
:101F90000E0A42E09FED310A314880ED0E0A3CE026
:101FA0009FED300A2E4880ED0E0A36E09FED2D0A97
:101FB0002B4880ED0E0A30E09FED2A0A284880ED7C
:101FC0000E0A2AE09FED270A254880ED0E0A24E03C
:101FD0009FED240A224880ED0E0A1EE09FED220AA2
:101FE0001F4880ED0E0A18E09FED1F0A1C4880ED87
:101FF0000E0A12E09FED1C0A194880ED0E0A0CE053
:102000009FED1A0A164880ED0E0A06E006E09FEDE5
:10201000130A134880ED0E0A00BF16E00D48C07881
:10202000C0F30110012805D19FED100A0C4880ED86
:102030000E0A0AE00748C078C0F30110022804D154
:102040009FED0A0A064880ED0E0A054890ED0E0A3B
:1020500070470000688900201806002000007A45BB
:10206000DC95002000409C4500E0AB450080BB456E
:1020700010B500EE100A2DED028BB1EEC08A18EEFD
:10208000100A20F00040C0F1FF40C00F0AD010EE4F
:10209000100A20F00040C0F1FF40C00F04BF012033
:1020A000EFF7A7F818EE100ABDEC028B10BD10B5C3
:1020B00000BF0120FEF722FEFBE700001F4800885A
:1020C000012811D11E48C078C00968B91C48807821
:1020D000C0F38100012807D11A4890F8480080F029
:1020E0000100184981F848001448008801281FD1D0
:1020F0001348C078C009D8B911488078C0F381006E
:10210000032815D110480068401C0F4908600D488D
:1021100090F8480080F001000A4981F848000B4817
:1021200090ED0A0ADFED0A0A30EE200A80ED0A0A75
:102130000348C078C0090149088070470C07002097
:1021400068890020DC95002010070020E49800201A
:1021500000003443B0EE401A30EEC10AF0EE401AEF
:10216000B0EE412A00EE100AB8EEC00A60EE212A55
:1021700001228A40521E00EE102AB8EEC03A82EECA
:10218000830A30EE020A704710B5474B1B685B6943
:1021900043F04003444C24686361434B1B685B6914
:1021A00043F08003404C246863613F4B1B68DB684D
:1021B00043F010033C4C2468E3603C4B1B681B68F5
:1021C00023F00103394C2468236007E0374B1B6878
:1021D0001B6823F00103354C24682360334B1B68D4
:1021E0001B6803F00103002BF0D1304B1B68304C0F
:1021F000A34204D9E3142E4C4C3C236019E02B4B32
:102200001B682C4CA34204D9E314294C503C236096
:102210000FE0264B1B68274C603CA34204D9E31413
:10222000244CB83CE36004E04FF40063214CB83C1C
:10223000A360214B1D4C2468A3601C4B1B68D86015
:102240001A4B1B681961194B1B685A60174B1B68A6
:102250001B6843F48023154C24682360134B1B68D0
:102260001B6843F00103114C24682360134B1B6867
:102270001B6823F00103114C2468236007E00F4B17
:102280001B681B6823F001030C4C246823600B4B74
:102290001B681B6803F00103002BF0D1064B074CB1
:1022A0002468A36010BD00003C0C0020A40D002099
:1022B00058640240B860024004140140040E00203B
:1022C00001460A69D1E901309860D1E901035860FB
:1022D0005068884201D18868506000200861106809
:1022E000401E106010687047034B0360034B0B6087
:1022F000802313607047000080070020DC07002067
:1023000000F1080141604FF0FF31816000F10801E8
:10231000C1600161002101607047002101617047C7
:1023200010B502460B685C1C0CB9106907E002F19D
:10233000080000E04068446824689C42FAD9446878
:102340004C604C68A160886041600A611468641C3C
:10235000146010BD42684A6093688B60936859604E
:102360009160086103685B1C0360704700BF5020E8
:1023700080F31188BFF34F8FBFF36F8F00BF0E48FC
:102380000068401C0C49086008460068012812D10A
:102390000A480068C0B208B9012000E0002050B926
:1023A00000BF502080F31188BFF34F8FBFF36F8FB2
:1023B00000BF00BFFEE77047A000002004ED00E072
:1023C0000D48006850B900BF502080F31188BFF35A
:1023D0004F8FBFF36F8F00BF00BFFEE70648006856
:1023E000401E054908600846006820B9002080F3B7
:1023F000118800BF00BF7047A000002070B50646DE
:102400003546002E44D0083D2C46224960680968B4
:10241000084008B1012000E0002050B900BF502062
:1024200080F31188BFF34F8FBFF36F8F00BF00BFE2
:10243000FEE7206808B9012000E0002050B900BF85
:10244000502080F31188BFF34F8FBFF36F8F00BF11
:1024500000BFFEE70F49606809680840C0B1206806
:10246000B0B90C49606809688843606000F0B2F850
:102470000949606809680844074908602046FFF771
:10248000C5F806480068401C0449086000F010FBCD
:1024900070BD00009C0000208C00002098000020EF
:1024A00000204FF0E02108618861064800684FF481
:1024B0007A71B0FBF1F0401E4FF0E0214861072037
:1024C000086170474000002070B504460025D4B173
:1024D0001248006808B9012000E0002050B900BF90
:1024E000502080F31188BFF34F8FBFF36F8F00BF71
:1024F00000BFFEE700F06EF800212046FEF7ACFEBC
:1025000000F0D6FA05463DB94FF080500449086006
:10251000BFF34F8FBFF36F8F70BD00007C000020B2
:1025200004ED00E010B586B000200590049003AAE9
:1025300004A905A8FFF7D8FE0022DDE90410134620
:10254000CDE9002102901CA11D48039A00F0AEF9CC
:102550001C4908600846006808B1012400E0002416
:10256000012C15D100BF502080F31188BFF34F8F8D
:10257000BFF36F8F00BF4FF0FF3013490860012099
:102580001249086000201249086000F0A9F810E024
:10259000601C08B1012000E0002050B900BF5020AD
:1025A00080F31188BFF34F8FBFF36F8F00BF00BF61
:1025B000FEE706B010BD000049444C450000000095
:1025C000BD14010878000020740000206000002085
:1025D0005800002002480068401C0149086070470C
:1025E0007C0000201D48006818B101201C490860CB
:1025F00032E000201A4908601A480068B0FA80F0FA
:10260000C0F11F0101EB8100174A52F8200008B108
:10261000012000E0002050B900BF502080F3118855
:10262000BFF34F8FBFF36F8F00BF00BFFEE701EB1B
:1026300081020D4B03EB820042685268426000F158
:1026400008024368934202D142685268426042687D
:10265000D268064B1A6000BF704700007C00002063
:10266000680000205C00002090130020440000203F
:1026700070B505460C4600260DB1022C01D800208D
:1026800070BDA11E094802882846FDF745FD064693
:10269000F1B2A01E285C814206D1601E285CB0EB1E
:1026A000162F01D10120EBE70020E9E7FA04002012
:1026B00070B505460C4600260DB1022C01D800204D
:1026C00070BD611EFF222846FDF740FD0646601ED4
:1026D000285CB04201D10120F2E70020F0E70000C1
:1026E0001CB5524800685249884201D0012000E0E0
:1026F000002050B900BF502080F31188BFF34F8FE6
:10270000BFF36F8F00BF00BFFEE74848006848492D
:10271000491E884201D0012000E0002050B900BFCE
:10272000502080F31188BFF34F8FBFF36F8F00BF2E
:1027300000BFFEE73F49084600780190FF200A46A7
:1027400010700846007800909DF8000000F0F0003E
:102750009DF80020904201D1012000E0002050B9F6
:1027600000BF502080F31188BFF34F8FBFF36F8FEE
:1027700000BF00BFFEE79DF8000000F050002E4AA9
:10278000107007202D4A106009E02C480068401E98
:102790002A4A10609DF800004006000E00909DF847
:1027A000000000F080008028EFD024480068C0F1CD
:1027B0000700042801D1012000E0002050B900BF2B
:1027C000502080F31188BFF34F8FBFF36F8F00BF8E
:1027D00000BFFEE7194800680002184A1060104662
:1027E000008800F4E0601060124A019810700F48F1
:1027F0002030006840F470000C4920310860084621
:10280000006840F070400860FFF74AFE00200C4965
:102810000860EDF751FD0B48006840F04040094961
:102820000860EDF735FD00201CBD000000ED00E064
:1028300071C20F4100E400E0A4000020A8000020C5
:10284000A000002034EF00E02DE9FF4F85B0804666
:1028500089461746DDE912ABB800FEF745FF06468C
:1028600056B15C20FEF740FF04460CB1266304E03D
:102870003046FFF7C3FD00E000248CB1002084F84F
:102880005900CDE900ABCDE902403A464946404601
:10289000089BFEF727FE2046FEF72AFD012501E0F2
:1028A0004FF0FF35284609B0BDE8F08F2DE9F04F15
:1028B00085B00746884691469A46DDE90EB6109CDB
:1028C0000EB1012000E0002050B900BF502080F37D
:1028D0001188BFF34F8FBFF36F8F00BF00BFFEE7BC
:1028E0000CB1012000E0002050B900BF502080F35F
:1028F0001188BFF34F8FBFF36F8F00BF00BFFEE79C
:102900005C20039003985C2801D1012000E00020A6
:1029100050B900BF502080F31188BFF34F8FBFF331
:102920006F8F00BF00BFFEE700BFB4B1AEB1254658
:102930002C462E63022085F85900002004A9534636
:102940004A46CDE900B1CDE9025041463846FEF78E
:10295000C9FD2846FEF7CCFC01E000200490049855
:1029600005B0BDE8F08F00002DE9F0414FF0000800
:102970004448006800287CD143480068451C424810
:10298000056015BB41480068006808B9012000E0F7
:10299000002050B900BF502080F31188BFF34F8F43
:1029A000BFF36F8F00BF00BFFEE7384807683848A5
:1029B0000068364908603648076036480068401CA1
:1029C00034490860FEF756FE00BF33480068854270
:1029D0003CD300BF2D480068006808B9012000E022
:1029E000002020B14FF0FF302B4908602DE0274830
:1029F0000068C068C4686668B54202D226480660AE
:102A000023E0201DFFF75CFCA06A18B104F1180058
:102A1000FFF756FC94F82C10012088401F490968E4
:102A200008431E490860E16A01EB81011C4A02EB80
:102A30008100211DFFF78EFC1A49E06A0968C96A06
:102A40008842C7D34FF00108C4E700BF15480068AB
:102A5000C06A00EB8000124951F82000012801D91A
:102A60004FF001081048006808B14FF0010805E078
:102A7000FFE70E480068401C0C4908604046BDE86E
:102A8000F08100007C000020580000204800002059
:102A90004C0000206C000020740000205C0000202E
:102AA00090130020440000206800002064000020F3
:102AB00070B5002400263648006850B900BF502089
:102AC00080F31188BFF34F8FBFF36F8F00BF00BF3C
:102AD000FEE7FFF74BFC2E480068401E2C490860BB
:102AE0000846006800284FD12A48006800284BD0CB
:102AF00024E02948C068C46804F11800FFF7E0FB2F
:102B0000201DFFF7DDFB94F82C100120884023499D
:102B10000968084321490860E16A01EB8101204A04
:102B200002EB8100211DFFF715FC1E49E06A0968D0
:102B3000C96A884202D301201B4908601648006810
:102B400008B9012000E000200028D2D00CB1FEF727
:102B500091FD1648056865B100BFFFF705FF10B18C
:102B60000120114908606D1E002DF6D100200F498B
:102B700008600D48006838B1012630070C4908602C
:102B8000BFF34F8FBFF36F8FFFF71AFC304670BD56
:102B90007C00002054000020441400205C00002031
:102BA00090130020440000206800002064000020F2
:102BB00004ED00E010B513488078C0F3810088B1BF
:102BC000114890ED0B0AB0EE402ADFED101A9FED90
:102BD0000F1ADFED0E0A9FED0D0A02210C48FCF7DB
:102BE00065FD0DE09FED092ADFED081A9FED071A3C
:102BF000DFED060A9FED050A02210548FCF756FDA8
:102C000010BD000068890020E4980020000000004A
:102C1000DC090020DFED0D0AB4EEE00AF1EE10FA57
:102C200006DDDFED0B0A70EE600AB0EE600A0CE024
:102C3000DFED080AB4EEE00AF1EE10FA05D2DFED9E
:102C4000040A70EE200AB0EE600A704700003443B8
:102C50000000B443000034C381F00041704780F0AD
:102C60000040704721F00041704720F0004070475D
:102C700021F00042A2F16052B2F5801F01F0004342
:102C800028BFD2F17E6C51D9F1EE10CA1CF4400F6E
:102C900014D15FEAC00C43EAC20202EB507008BFD5
:102CA00070475FEA4C0C40F10000DFF880C241F051
:102CB000118228BF20F0010001F00CBAC30001F01E
:102CC000004343EAC20202EB507008BF70471B4248
:102CD00048BF4FEA4C0C1CF4000F08BF401CDFF843
:102CE0004CC201F0F7B9C30001F0004343EAC2024D
:102CF00002EB507204BF104670471B4248BF4FEAB8
:102D00004C0C1CF4000FDFF824C218BF104641F031
:102D1000E18108BF521C12F4000F08BF104601F0F9
:102D2000D98121F0004201F0004330E050EA410C2B
:102D300004BF084670475FEA125CBCF1FE0F1ED16B
:102D4000F1EE10CA1CF4400FCDD15FEAC00C9BD04D
:102D50005FEA001C4FEAC20C4CEB507C04BFC2007F
:102D60002CEAD27C1CF4000F04BF4CEA0300DFF80D
:102D7000BCC101F0AF8121F00042A2F16052B2F576
:102D8000801F4FEA410C2ADB1CF5001F16D2F1EE22
:102D900010CA1CF4806F06D02CF0005C4CF0805CF4
:102DA000A1F140612AE04FF07F40DFF884C143EA9F
:102DB000500001F08FB9084601F03DBB70B500F03E
:102DC00061FD00BF000000B988000004FFF7F3BFF9
:102DD00021F0704243EA507040EAC2007047F1EEC1
:102DE00010CA2CF0805C4CF0005C1CF4006F25D005
:102DF0004B00B3F5001F51D301F140611CF4400FAB
:102E000040F07E800CF0405CC3004CF0880C11D088
:102E10005CF0404C10F0805F0CD0034610F1005085
:102E200041F10001020108BF20F00050834218BFA9
:102E30002CF0004C00F0604001F0F9BB1CF4400F96
:102E40001AD01B4248BF4FEA4C0C1CF4000F13D1A0
:102E500012F1406248BF22F07F424FEAC00CBCF141
:102E6000010F43EAC20242EB50704FF0880228BFC4
:102E700042F0804201F0E4BA12F1406248BF22F011
:102E80007F425FEAC00C43EAC20242EA50704FF050
:102E9000880218BF42F0404201F0D2BA01F000436C
:102EA00021F00041094214D0B1FA81FCACF10B0CC5
:102EB000CCF1200201FA0CF120FA02F241EA0201FF
:102EC0004FEA0C5200FA0CF0A1EB020181EA030177
:102ED0000FE0B0FA80F200FA02F002F115024FEAB8
:102EE000D0214FEA0252A1EB02014FEA405081EAA1
:102EF0000301F1EE10CA2CF0805C4CF0005C7BE723
:102F000062460CF0405CC3004CF0880C92D05CF040
:102F1000404C094248BF520012F4000F8AD110F110
:102F2000005041F100012CF0004C83D1880000409A
:102F30008800001010B5DFF840E211F5801C13F591
:102F400080141EEA4C0F18BF1EEA440F00F0C88020
:102F500091EA030F48BF83F0004300F1C486841A4E
:102F600071EB030C05D2121943EB0C03001B61EB50
:102F70000C014FEA1154A4EB135C23EA6E0321EA1F
:102F8000045143F48013DCF1200E53D322FA0CFEDB
:102F900010EB0E0023FA0CFE41EB0E01CCF1200EDB
:102FA00003FA0EFE10EB0E0051F10001B1F5801F87
:102FB000CCF1200E53D201EB045112FA0EF2BDE80F
:102FC000104008BF7047F1EE10CA1CF4400F1ED12C
:102FD0004FF0110C92F0000F4CF0804C41F17A80D0
:102FE000401C38BF5FEA420241F07480002814BFE1
:102FF00020F0010041F100014FEA410313F5001FE9
:1030000024BF4CF0805CA1F1C04101F063B811F025
:10301000004F54BF1CF4000F1CF4800F4FF0110C34
:103020004CF0804C41F05680401CC1F0538041F17F
:103030000001E1E7012A43EB0302ACF1200CDCF1D3
:103040001F0E32BF4FF0000E23FA0CF310EB0300FB
:1030500041EB0451B4EB115FAFD0A1EB045101F58A
:10306000801149085FEA300002FA0EF242EA420299
:1030700001EB04515FEA320213D0BDE81040F1EEDB
:1030800010CA1CF4400F1AD14FF0110C92F0000F2F
:103090004CF0804CB0D5401C38BF5FEA4202ABD147
:1030A000A4E7BDE810404FEA410313F5001F38BF05
:1030B0007047DFF8C8C0A1F1C04101F00BB811F0B2
:1030C000004F54BF1CF4000F1CF4800F4FF0110C84
:1030D0004CF0804C90D1401C8ED341F100018BE725
:1030E0004EF4001E3EEA410418BF3EEA430439D0C4
:1030F00091EA030F48BF83F0004300F1EF86841A82
:1031000071EB030C05D2121943EB0C03001B61EBAE
:103110000C0152EA430E4FEA1154A4EB135C13D096
:103120005FEA445E21EA04511CBF23F00043ACF186
:10313000010C7FF428AFBDE810404FF0110C80184F
:1031400041EB030100F0B1BE5FEA445EBDE8104010
:1031500018BF704750EA410C08BF70474FF0110C80
:1031600000F0A3BEBDE8104070B500F08BFB00BFBF
:1031700064FBBE3E110000040000C0FF11000010FF
:10318000491058BFC1F140415B1058BFC3F14043E3
:103190008B42EFF3008070472DE9C04130B4DFF877
:1031A00064C33CEA111418BF3CEA131400F04B81CD
:1031B00081EA03051CEA111444EAD57418BF1CEA1D
:1031C000131500F01D81A4EB05044FF0004545EAFE
:1031D000C12145EAC32341EA505143EA525304F165
:1031E0007F74994204F500344FEAC0204FEAC222AE
:1031F00008BF904200F0D0804FEA13650FF204261A
:10320000765D4FEA134506FB05F7C7F1807706FBAD
:1032100007F74FEAD737A7FB03687642C8F580382F
:10322000A7FB06CE38BFA8F1010807FB08E64FF060
:10323000000EA6FB028CE6FB03CEDCF1000CCEF107
:10324000004E38BFAEF1010EA6FB0C584FF0000740
:103250004FF00005E6FB0E87A1FB08C6A0FB07CEDA
:1032600016EB0E0645F10005E1FB076515F1E04E92
:103270007EBFA4F580345FEA46066D4116F18007F3
:10328000F1EE10CA45F100054FEA172747EA056736
:103290001CF4400F4FEA152536D14FEA4666A6F1D9
:1032A0005E46B6F1085F2FD9B4F1FE6F2CD83846D0
:1032B00024F0010C05EBC471BCF1FE6F01EB0C11A5
:1032C000DFF844C202D8F0BCBDE8004140F20287FA
:1032D00024425CBF01F5801E9EEAC47F02D4F0BC8C
:1032E000BDE8004140F1F686244277D4DFF81CC2E5
:1032F00056EA080EA1F1C04118BF4CF0804CF0BC5A
:10330000BDE8004100F0E6BE4FEAD22242EA435255
:103310004FEAD323A7FB02864FEAD02040EA415070
:1033200007FB03661EEA0E0F4FEAD12105FB02667A
:1033300058BFA6EB0056B6EB00564FEA520E4EEAC7
:10334000C37E18EB0E0E56EB530E05D518EB020894
:103350005E417F1C55F1000556EA080E24D01CF48E
:10336000400FA4D014F0010F18BF4FEA4C0C1CF40E
:10337000000F08D036429AD4B8EB02089E417F1E57
:1033800075F1000593E7364291D518EB02085E41CE
:103390007F1C55F100058AE74FF480154FF00007B8
:1033A0004FF000064FF0000824F0010C384605EB02
:1033B000C471BCF1FE6F01EB0C1102D8F0BCBDE88A
:1033C00000811CEA0C0F5CBF01F5801E9EEAC47FE1
:1033D00002D4F0BCBDE80081244287D556EA080C2F
:1033E00001F1C0411CBF06F0004C4CF0804C4CF089
:1033F000005CF0BC4CF0140CBDE8004100F0ACBD2A
:1034000050EA410E0CEA13150BD052EA430E13D0CA
:1034100000F0B9FA641B86EA4606240444EAD6742E
:10342000D3E652EA430E00F02680F0BC81EA0301A5
:1034300001F00041BDE80081F0BCBDE80041DFF8CB
:10344000D0C000F047BEF0BCBDE8004170B500F050
:1034500019FA00BF097EFC3E1400000400F007B812
:1034600081EA03014FF0000001F00041704781EA5A
:10347000030100F0C0BAF0BCBDE800415FF828C00D
:1034800000F028BEFFFDFBF9F7F5F4F2F0EEEDEBEE
:10349000E9E8E6E4E3E1E0DEDDDBDAD8D7D5D4D352
:1034A000D1D0CFCDCCCBCAC8C7C6C5C4C2C1C0BF9E
:1034B000BEBDBCBBBAB9B8B7B6B5B4B3B2B1B0AFA4
:1034C000AEADACABAAA9A8A8A7A6A5A4A3A3A2A188
:1034D000A09F9F9E9D9C9C9B9A9999989797969543
:1034E00095949393929191908F8F8E8E8D8C8C8BDF
:1034F0008B8A898988888787868585848483838267
:10350000828181800000FF07140000401400001039
:10351000140000084FEA410380B54FEA5353A3F566
:103520008063D3F11E03C8BFD3F1210C1FDD4FF020
:10353000004242EAC12242EA505232FA03FC62FAE5
:1035400003F787EA0C0757EAC0270BD032FA03FCCF
:103550008CEAE17CACEBE170BDE88040DFF874C040
:1035600000F0B8BD8CEAE17CACEBE17080BD50EAC4
:10357000410C00D180BD102B07DD4FF00000BDE8ED
:103580008040DFF850C000F0A5BD03F5787CBCF1A9
:10359000FF3F14D0002B02BF7FEA210C5FEA013C01
:1035A0005FEA505C05D100284FF00040D4D100D133
:1035B00080BDBDE88040DFF820C000F08BBDBDE8D5
:1035C000804070B500F05EF9000000BFC800030441
:1035D00080B5DFE7C8000240C800020410F00042D6
:1035E00048BF4042B0FA80F310FA03F10AD0C3F1A9
:1035F0001D0303F580634FEA415002EB035202EBD7
:10360000D12170474FF000007047B1FA81F201FA02
:1036100002F1C2F11D024FEA415003EB025303EBEA
:10362000D1217047B0FA80F310FA03F10AD0C3F148
:103630001D0303F580634FEA41504FEA035202EB4A
:10364000D12170474FF000007047000051EA030C91
:1036500011D41CF5801F00F10680994218BF7047F5
:1036600008BF9042704711F5801F58BF13F5801FA7
:1036700018D4994270471CF5801F09D550EA410CB7
:103680000EBF52EA430C8B42704708BF824270471C
:103690004FF4001C1CEB410F38BF1CEB430F01D251
:1036A0008B42704770B500F0EDF800BF0000003F9E
:1036B00019001604FFF764BD4FF000514FF080531E
:1036C000FFF75EBDDFF8B4C170B51CEA111E1EBF66
:1036D0001CEA13159EEA0C0F95EA0C0F00F094807B
:1036E00081EA030421EA4C114EEAD47E23EA4C130A
:1036F000AE4441F4801143F48013A1FB024CA0FBC3
:103700000365AEF17F7E361955EB0C05A1FB034C2A
:103710004CF10003A0FB021C16EB0C06654153F1B3
:103720000003094218BF46F0010613F4007F0BD1D5
:103730004FEA03314FEA0530340341EA155140EABC
:1037400016506FF003020AE04FEAC3214FEAC5208A
:10375000F40241EA555140EA56506FF00202264603
:1037600002EB2E4201EB025585EACE7127D0F1EE35
:1037700010CA05461CF4400C14D15FEA440C18BF73
:1037800024F0004450F1000041F1000120EAD4701F
:1037900040F2FD7C624517D2BDE87040DFF8E0C022
:1037A00000F098BC5FEACE7454BF1CF4000F1CF408
:1037B000800F08BF10F1010041F10001E8E740F27D
:1037C000FE7C624504D270BD08BF11F4801FE3D0B7
:1037D000A84214BF4FF080444FF04044002E08BF71
:1037E0000024BEF1806FD8BF01F1C041A8BFA1F194
:1037F000C04144F0130CA8BF4CF0805CBDE87040A1
:1038000040F3AA8300F066BC9EEA0C0F0CEA131585
:1038100018BF95EA0C0F19D091EA030F48BF4EF07C
:10382000010E50EA410418BF52EA430409D000F0E7
:10383000AAF8641986EA46064FEA044E4EEAD67E96
:103840005BE74FEACE714FF0000070BD00F01AF850
:103850008900013E1300000400F005B800F007B82D
:1038600052EA430C06D081EA030100F0C4B850EAE2
:10387000410CF8D15FF824C000F02CBC0000FF0719
:10388000130000400EF1020E2EF0030E01285EF828
:10389000086B41EB010414F5001418BFB4F5801F48
:1038A00023D3364208D4012A43EB030515F500154E
:1038B00018BFB5F5801F18D301EB010C1CF5801F54
:1038C00016D2364204D403EB030C1CF5801F0FD232
:1038D000002C10D14FEAD17C002D0CEB4C0C0CF1DC
:1038E000020C08BF4CEBD37C07E04FF0090C04E05E
:1038F0004FF0080C01E04FEAD37C0CEB4C0526FAA4
:1039000005F606F00706B6F1040C06D20EEB860C9F
:10391000BDE870404CF0010C6047DFE80CF0222459
:1039200013025EF804CC1B2D08D1002C88BFB4F51F
:10393000801F34BF4CF4804C4CF4004CBDE8704008
:1039400000F0C8BB002C88BFB4F5001F24BF194687
:10395000104670BD4FF000004FF00041A1F500216E
:1039600070BD19461046012851EB010418BFD4F56B
:10397000001484BF5EF804CC2CF0806CBDE870406D
:1039800000F28783704780B54FF003065C004FEA72
:1039900003334FEA3606640D4FEA133318BF43F47E
:1039A00080131CD153EA125E04F1010402BF1346D6
:1039B0000022203C1B4202BF130B1205143CB3FA39
:1039C00083FEAEF10B0ECEF1200C03FA0EF322FAB9
:1039D0000CFC02FA0EF2A4EB0E0443EA0C030FB443
:1039E00016F0010F0CBC03BC18BF2546CED180BD1C
:1039F00080B50126F3E70808A0F500114FEA310170
:103A0000704753EA010C11D41CF5801F00F10680A9
:103A10008B4218BF704708BF8242704713F5801F62
:103A200058BF11F5801F18D48B4270471CF5801FBA
:103A300009D552EA430C0EBF50EA410C9942704737
:103A400008BF904270474FF4001C1CEB430F38BF77
:103A50001CEB410F01D2994270470FB40CBC03BC60
:103A6000FFF720BE10B5DFF848E011F5801C13F514
:103A700080141EEA4C0F18BF1EEA440F09D091EAC9
:103A8000030F81F000413FF56AAA83F0004300F084
:103A90002AB981EA030180EA020083EA010382EA8B
:103AA000000281EA030180EA020000F008BA00BFC8
:103AB0000000C0FF2DE9F04101F5801CBCF5001F9E
:103AC000C0F2DC804FEA115C21EA0C5141F4801114
:103AD0000CF1FD0C5FEA5C0C0CF5C07C01D34000DE
:103AE000494135A4890241EA905187028E0E0A0CA1
:103AF000A45D04FB04F602FB06F6C6F14046A4FBF7
:103B00000662F60D46EA422606FB06F4A4FB0123F4
:103B10005242C3F1404338BF5B1EA6FB0242002461
:103B2000E6FB0324D20B42EA4446A6FB0623A1FB94
:103B300002E2A3FB07E4E3FB61426442C2F1404EB0
:103B400038BFAEF1010EA6FB04234FF00002E6FBE6
:103B50000E32A2FB03463400E2FB6264A1FB06E6E0
:103B6000A4FB07E8E4FB61687642C8F1405838BF1F
:103B7000A8F10108A2FB06E4A3FB08E5E2FB6854F8
:103B8000A1FB05E6A7FB04E8E1FB648618F120052C
:103B9000F1EE104A56F10006A809B10914F4400FDD
:103BA00040EA866028D1A8F11B0808F01F08B8F188
:103BB0000A0F21D9BDE8F04101EB0C514FF0170C71
:103BC0004CF0804C00F086BAFCF5EEE8E2DDD8D38C
:103BD000CFCBC7C3C0BDB9B6B4B1AEACA9A7A5A37E
:103BE000A19F9D9B9A9896959392908F8D8C8B898F
:103BF0008887868584838281A0FB006800FB01F2B0
:103C000008EB4208B8EB872858EA060215D014F4EE
:103C1000400F16D118EA080F07D5341858EB0104E5
:103C2000C8D5401C51F10001C4E7341A78EB0104F7
:103C3000C0D4401E71F10001BCE701EB0C51BDE89E
:103C4000F08114F4000F0CD118EA080FB2D5361821
:103C500058EB0108401C51F10001361858EB0108DF
:103C6000F2E718EA080FA5D4361A78EB0108401ECF
:103C700071F10001361A78EB0108F2E75FEA4C0CAB
:103C80005FEA9C5C14D10AD350EA013C01D1BDE843
:103C9000F08109420CD4FFF7ABFEA44618E7BDE85B
:103CA000F04170B5FFF7EEFD6DDBFFBE17000004BD
:103CB000BDE8F0415FF80CC000F00CBA10B5DFF8B9
:103CC00094E211F5801C13F580141EEA4C0F18BF06
:103CD0001EEA440F00F0F38091EA030F48BF83F01F
:103CE00000433FF53CA9841A71EB030C07D212196B
:103CF0008CF0004C43EB0C03001B61EB0C015242B7
:103D00004FEA1154A4EB135C23EAAE0321EA0451F9
:103D1000C3EBAE0338BF5B1EDCF1200E48D322FAA2
:103D20000CFE10EB0E0043FA0CFE41EB0E01CCF141
:103D3000200E03FA0EFE10EB0E0051F10001CCF143
:103D4000200E4CD412FA0EF201EB0451BDE81040E3
:103D500008BF7047F1EE10CA1CF4400F14D14FF0A9
:103D6000120C92F0000F4CF0804C40F1B381401CDB
:103D700018BFB2F1004F40F0AD8100280CBF491CC4
:103D800020F0010000F0A6B911F0004F54BF1CF460
:103D9000000F1CF4800F4FF0120C4CF0804C40F0E0
:103DA0009981401C40F0968141F1000100F092B9E8
:103DB00012EB020E43EB030218BF4FF0010E4EEA66
:103DC0004202ACF1200CDCF11E0E4BD943FA0CFE82
:103DD00010EB0E0051F1FF31CCF11E0EB2D50EF1F9
:103DE000010E12FA0EFE404141EB010101EB445C71
:103DF0005FEA5C5C06D95FEA0E0201EB0451BDE8A4
:103E00001040A5E73BD24FEAD42C11F5001124F461
:103E100000641AD0B1FA81F20B3AA41AA41ED2F1AE
:103E20002003914030FA03F31943904001EBCC7129
:103E3000002C01EB0451BDE81040A8BF704701F110
:103E4000C0414FF0120C00F087B8B0FA80F310FABE
:103E500003F101D1BDE8104019D0E41A173C480520
:103E6000C90AE3E701EB0451BDE81040401E61F1CF
:103E700000015FF0FF326BE701EB045110BD491008
:103E800001EB0451BDE810404FEA30000BE0F1EEC9
:103E900010CA4FF000010CF4400CBCF5000F08BF35
:103EA0004FF0004170474FF0120C4A0008BF00422B
:103EB000EDD0B2F5001F28BF704700F0EAB84EF40D
:103EC000001E3EEA410418BF3EEA430434D091EAA2
:103ED000030F48BF83F000433FF511A9841A71EB2B
:103EE000030C07D212198CF0004C43EB0C03001B9F
:103EF00061EB0C0152EA033E4FEA1154A4EB135C50
:103F000014D05FEA445E21EA045109D023F0004353
:103F10005242ACF1010CC3F1000338BF5B1EFBE65B
:103F2000BDE81040801A61EB0301BCE7BDE810401A
:103F300050EA410CB7D1AAE7BDE8104070B5FFF7D1
:103F4000A1FC00BF40DFF63E1100000483F00041F9
:103F5000104670470000C0FFF1EE103A13F0807F6A
:103F60001EBF01F000410020704713F4006F40F0C5
:103F7000AA80094248BF4CF4803C4FF4C0634FEA2A
:103F8000115203F1010321EA025122F400629A1A4C
:103F900048BF6FF0FE0241F48011352A3CD830D082
:103FA000152A1ED3203A0CD90028C2F1200321FA89
:103FB00002F001FA03F218BF42F001024FF00001D3
:103FC00030E0C2F1000302F1200201FA03F120FA0D
:103FD00002F241EA020100FA03F208464FF0000142
:103FE00020E0C2F1200310B400FA03F401FA03F355
:103FF00020FA02F021FA02F1224610BC43EA000046
:1040000010E050EA01324FF000004FF000014FF095
:10401000004218BF521C05E04FF001024FF00001B2
:104020004FF000001CF4803F2CF4803C18BF41F09E
:10403000004112421ED0F1EE103A13F4400F20D18D
:10404000520003D30CD0401C41F10001F1EE103AB4
:104050004CF0804C43F00803E1EE103A00F03AB81F
:104060005FEAAC72EFD4F1D1401C41F1000120F0C5
:104070000100EBE71CF0804F08BF70472CF0004CAC
:10408000E4E7094254BF13F4000F13F4800FDDD1AD
:10409000D9E7F1EE103A13F0807F1EBF01F0004126
:1040A0000020704713F4006F08BF70472DE9F050EF
:1040B000FFF79EFC04F5C064A4F10104314301EB59
:1040C0000451BDE8F0504CF0005C4CF0800C00F066
:1040D000AEBA00001CF0700F08BF0A460FB4F1EE34
:1040E000101A0CF0405030EA814318BF4CF0804C5D
:1040F0004FEA4C0310EA814F4FEAD36323EA1123BE
:1041000018BF23F0100341EA030101F0E073E1EE70
:10411000101A4CEA030C0CF00F030A2B1DBF082BDE
:104120000CF070034CEAC30C4FF4003304BF33EAC5
:104130000C034CF4400C1CF0005F14D11CF0805FA9
:104140000BD11CF0804F31D11CF0006F12D111F453
:10415000807F0FBC62D000F06ABA11F4806F0FBC90
:104160002BD000F064BA11F4006F0FBC08BF704789
:1041700000F05DBA11F4007F0FBC40F058821CF0D3
:10418000400F1EBF4FF0004040F0010070471CF090
:10419000100F14BF81EA030242400CF00F000A28FE
:1041A00008BF4FF0FF324FF0000326E011F4805FAC
:1041B0000FBC08BF704700F03ABAF1EE103A2CF08D
:1041C000805C1CF0800F14BF01F0004200F0004240
:1041D00012420CBF12EA336F12EAF35F0DD31CF0E8
:1041E000100F1DBF30A003C81143314808BF104352
:1041F00013F4805F40F01B8270471CF0100F02F038
:1042000000421DBF0FF2940003C81143254808BFA8
:10421000104313F4805F40F00A8270471CF0400F97
:1042200040F028801CF4404F1BD01CF4004F1CBFF2
:10423000194610460CF4807218BF8CEA520C1CF020
:10424000800F0CBF40F4800041F400218CEADC03B5
:1042500013F0100F1CBF2CF00F0C4CF0080C00F0EA
:104260008DB91CF0100F1ABF12A393E80300134876
:1042700000F084B91CF0800F14BF01F0004200F080
:1042800000421CF0100F1BBF0AA393E803000B4869
:10429000114308BF104300F071B900BF00000000D7
:1042A0000000F07F0000807FFFFFFFFFFFFFEF7F38
:1042B000FFFF7F7F000000000000F87F0000C07F4C
:1042C00043004FEAD30C4FEA3C0C43401FBF40076A
:1042D0000CF1605113F0FE4F70471CF0006F14D1C9
:1042E00033F0004004BF1946704783EA830383EA32
:1042F000430303F0070343EACC010CF0004303F14E
:104300005A5303F54013FFF780B90CF0004343EA1A
:10431000507010B540EACC0000F00FF8000000BA71
:10432000180000044FEA0001FFF765BB4FEAE00206
:104330004FEA407042F0E04170470EF1020E2EF05D
:10434000030E4FEA40025EF8084B12F1807218BF6C
:10435000B2F5000F22D3244207D44FEA410313F1F0
:10436000807318BFB3F5000F18D34FEA400C1CF54B
:10437000000F16D2244204D44FEA410C1CF5000F62
:104380000FD2002A10D14FEAD07C002B0CEB4C0C42
:104390000CF1020C08BF4CEBD17C07E04FF0090C8C
:1043A00004E04FF0080C01E04FEAD17C0CEB4C0329
:1043B00024FA03F404F00704B4F1040C06D20EEB63
:1043C000840CBDE810404CF0010C6047DFE80CF0B5
:1043D0001F2013025EF804CC1B2B08D1002A88BFD3
:1043E000B2F5000F34BF4CF4804C4CF4004CBDE8E7
:1043F0001040FFF76FBE002A88BFB2F1807F28BF50
:10440000084610BD4FF00040A0F5800010BD0846E2
:10441000420018BFD2F1807284BF5EF8042C22F0F3
:104420008062BDE8104000F28A8070474FF00000C3
:10443000E1EE100A7047FF2141EAD050C0057047F5
:10444000F1EE101A11F0807F1CBF00F000407047A1
:1044500011F4006F40F08E8000F0004343EAD05327
:1044600023F48073C3F1C10323F00041172941D81D
:10447000C3F1200310FA03F1C3F1200320F07F40C1
:1044800040F4000020FA03F003F0004340EA030088
:1044900019D00B46F1EE101A41F00801E1EE101AA6
:1044A00011F4400F1CD1590009D318BF401C06D18C
:1044B0007FEAE27398BF401C38BF20F0010042F051
:1044C000804CFFF707BE12F0804F08BF7047F1EE37
:1044D000101A944641F00801E1EE101AFFF7FABDF8
:1044E00010F0004F14BF5FEAF1535FEA316338BF49
:1044F000401CE4E7182903EB912318BF6FF000413B
:104500000131F1EE101A41F00801E1EE101A11F438
:10451000400F18BF03F00040E2D168BF03F0004035
:1045200009D6400203F0004000F1010004BF12F080
:10453000004F20F001004FF0804CFFF7CBBDF1EEB3
:10454000101A11F0807F1CBF00F00040704711F47A
:10455000006F08BF704700F0004120F00040B0FA43
:1045600080F3A3F1080341F0C04100FA03F0A1EB8E
:10457000C351084442F0005C00F059B80CF00F033E
:10458000092B08BF082000F064800A2B32D0082BCA
:1045900018BF704708BF1CF0400F31D01CF4803F9B
:1045A00023D11CF0200F11D11CF0100F0BBF0246BD
:1045B0000A466FF000406FF0004118BF4FF0FF3027
:1045C00012F0004F1CBFC043C94370471CF0100FCE
:1045D0000CBF02460A4612F0004F4FF0FF304FF07A
:1045E000FF311CBFC043C94370474FF000004FF07C
:1045F000000170471CF0400F18BF4FF0004070479B
:104600001CF0100F08D020F0704300F07F4242EA07
:10461000D3014FEA4370704700F0604021F07F42C1
:1046200042EA000201F07F4040EA727070472DE9D3
:1046300000502DE90050ECF705FEBDE80050BDE844
:1046400000500CF00F0393F0090F18BF7047AFF341
:1046500000801CF4801F24D01CF4E02F09D010F03F
:10466000080F02D1D0F1020070476FEACC31490047
:1046700070474FF0604111EA407028BF40F0405051
:10468000F1EE103A23F0704343EA0003E1EE103AF2
:10469000EFF3008222F0704242EA000282F30088C7
:1046A00070471CEA004018BF0120704734550108CC
:1046B000D909010802000000000000000004000009
:1046C00000000000000000002C55010801980008BF
:1046D00001000000000000000004000000000000D5
:1046E000000000004055010865F6000801000000C8
:1046F00000000000000200000000000000000000B8
:1047000004550108591C01080100000000000000C8
:10471000000100000000000000000000205501081A
:1047200009940008010000000000000000040000DF
:10473000000000000000000058550108AF200108EB
:104740000100000000000000000200000000000066
:10475000000000004C5501089320000801000000F3
:104760000000000000010000000000000000000048
:104770001455010813980008010000000000000013
:10478000000100000000000000000000F0540108DB
:10479000359C00080100000000000000000200003D
:1047A0000000000000000000FC54010809AA0008F5
:1047B00000000000000000000004000000000000F5
:1047C0000000000000061016000610160000000091
:1047D00000000000010203040607080900000000B1
:1047E000010203040000803F000000000000000000
:1047F00000000000000000000000000000000000B9
:104800000000803F000000000000000000000000E9
:104810000000000000000000000000000000803FD9
:104820000000000000000000000000000000000088
:1048300000000000000000000000803F00000000B9
:104840000000000000000000000000000000000068
:10485000000000000000803F000000000000000099
:104860000000000000000000000000000000000048
:104870000000803FFF005EBCE2613FDD83C29C7EA2
:1048800020A3FD1F419DC3217FFCA2401E5F01E3C9
:10489000BD3E6082DC237D9FC1421CFEA0E1BF5D66
:1048A0000380DE3C62BEE0025CDF81633D7C22C0AF
:1048B0009E1D43A1FF4618FAA427799BC584DA38C8
:1048C00066E5BB5907DB856739BAE406581947A581
:1048D000FB7826C49A653BD987045AB8E6A7F91B2A
:1048E00045C6987A24F8A6441A99C7257B3A648667
:1048F000D85B05E7B98CD2306EEDB3510F4E10F294
:10490000AC2F7193CD114FADF3702ECC92D38D6F30
:1049100031B2EC0E50AFF1134DCE90722C6D33D1FD
:104920008F0C52B0EE326C8ED0530DEFB1F0AE4C16
:104930001291CF2D73CA947628ABF517490856B457
:10494000EA6937D58B5709EBB536688AD495CB29F8
:1049500077F4AA4816E9B7550B88D6346A2B7597B1
:10496000C94A14F6A8742AC896154BA9F7B6E80ADE
:1049700054D7896B35000000891112239B322446DD
:10498000AD573665BF74488CC19D5AAFD3BE6CCA53
:10499000E5DB7EE9F7F88110080193331A22A5566A
:1049A0002C47B7753E64C99C408DDBBF52AEEDDA33
:1049B00064CBFFF976E802218B3010029913266749
:1049C000AF763444BD554AADC3BC588ED19F6EEB13
:1049D000E7FA7CC8F5D983310A2091121803A7772A
:1049E0002E66B5543C45CBBD42ACD99E508FEFFBF3
:1049F00066EAFDD874C904428D5316619F70200485
:104A0000A9153227BB364CCEC5DF5EEDD7FC6888D2
:104A1000E1997AABF3BA85520C4397711E60A114E9
:104A20002805B3373A26CDDE44CFDFFD56ECE998B2
:104A30006089FBBB72AA06638F7214409D512225C8
:104A4000AB343006B9174EEFC7FE5CCCD5DD6AA992
:104A5000E3B8788AF19B87730E6295501C41A335A9
:104A60002A24B1163807CFFF46EEDDDC54CDEBB972
:104A700062A8F99A708B088481951AA793B62CC204
:104A8000A5D33EE1B7F04008C919522BDB3A644E7A
:104A9000ED5F766DFF7C899400859BB712A6ADD241
:104AA00024C3BFF136E0C1184809D33B5A2AE55E5A
:104AB0006C4FF77D7E6C0AA583B4188691972EE320
:104AC000A7F23CC0B5D14229CB38500AD91B666F3A
:104AD000EF7E744CFD5D8BB502A499961087AFF301
:104AE00026E2BDD034C1C3394A28D11A580BE77F1A
:104AF0006E6EF55C7C4D0CC685D71EE597F428805C
:104B0000A1913AA3B3B2444ACD5B5669DF78600CF9
:104B1000E91D722FFB3E8DD604C79FF516E4A990C0
:104B20002081BBB332A2C55A4C4BD7795E68E11CD9
:104B3000680DF33F7A2E0EE787F61CC495D52AA19F
:104B4000A3B03882B193466BCF7A5448DD59622DB9
:104B5000EB3C700EF91F8FF706E69DD414C5ABB180
:104B600022A0B9923083C77B4E6AD5585C49E33D99
:104B70006A2CF11E780F00000000803F000000004A
:104B800000000000000000000000803F0000000066
:104B900000000000000000000000803F0000000056
:104BA00000000000C3F51C4100000000920E493CCB
:104BB000B10AC93C2BC3163D2EFB483D752B7B3DEE
:104BC00004A9963D80B6AF3D36BDC83D2FBCE13D42
:104BD00073B2FA3D87CF093E8340163EB5AB223E05
:104BE000A2102F3ECF6E3B3EC2C5473E0115543E3C
:104BF000135C603E7F9A6C3ECCCF783EC07D823E97
:104C0000938E883E229A8E3E32A0943E86A09A3E93
:104C1000E59AA03E128FA63ED47CAC3EEF63B23E36
:104C20002A44B83E491DBE3E15EFC33E53B9C93EA6
:104C3000CA7BCF3E4136D53E80E8DA3E4F92E03E19
:104C40007533E63EBBCBEB3EEA5AF13ECBE0F63E97
:104C5000275DFC3EE4E7003F3D9C033F824B063F5F
:104C60009BF5083F6B9A0B3FDA390E3FCDD3103FCF
:104C70002A68133FD9F6153FC07F183FC6021B3F75
:104C8000D17F1D3FCBF61F3F9967223F25D2243F9E
:104C90005636273F1594293F4AEB2B3FDE3B2E3FEC
:104CA000BB85303FC9C8323FF304353F233A373F15
:104CB0004268393F3B8F3B3FF9AE3D3F67C73F3FBF
:104CC00070D8413F01E2433F03E4453F65DE473F83
:104CD00012D1493FF8BB4B3F029F4D3F207A4F3FD7
:104CE0003D4D513F4918533F31DB543FE595563F09
:104CF0005348583F6AF2593F1A945B3F532D5D3F2A
:104D000005BE5E3F2146603F97C5613F5A3C633F09
:104D100059AA643F880F663FD86B673F3CBF683F26
:104D2000A7096A3F0C4B6B3F5E836C3F93B26D3FAC
:104D30009ED86E3F73F56F3F0809713F5213723F63
:104D40004714733FDD0B743F0BFA743FC6DE753FAB
:104D500007BA763FC58B773FF853783F9812793F73
:104D60009DC7793F02737A3FBE147B3FCDAC7B3F3A
:104D7000283B7C3FC9BF7C3FAC3A7D3FCCAB7D3FFD
:104D800023137E3FB0707E3F6DC47E3F580E7F3F41
:104D90006D4E7F3FAB847F3F0FB17F3F97D37F3F07
:104DA00043EC7F3F11FB7F3F0000803F11FB7F3FC3
:104DB00043EC7F3F97D37F3F0FB17F3FAB847F3F73
:104DC0006D4E7F3F580E7F3F6DC47E3FB0707E3F7B
:104DD00023137E3FCCAB7D3FAC3A7D3FC9BF7C3FC8
:104DE000283B7C3FCDAC7B3FBE147B3F02737A3FB8
:104DF0009DC7793F9812793FF853783FC58B773F2D
:104E000007BA763FC6DE753F0BFA743FDD0B743F81
:104E10004714733F5213723F0809713F73F56F3F98
:104E20009ED86E3F93B26D3F5E836C3F0C4B6B3FE1
:104E3000A7096A3F3CBF683FD86B673F880F663F52
:104E400059AA643F5A3C633F97C5613F2146603F82
:104E500005BE5E3F532D5D3F1A945B3F6AF2593F9A
:104E60005348583FE595563F31DB543F4918533F6F
:104E70003D4D513F207A4F3F029F4D3FF8BB4B3F86
:104E800012D1493F65DE473F03E4453F01E2433F1E
:104E900070D8413F67C73F3FF9AE3D3F3B8F3B3F37
:104EA0004268393F233A373FF304353FC9C8323FA0
:104EB000BB85303FDE3B2E3F4AEB2B3F1594293F0D
:104EC0005636273F25D2243F9967223FCBF61F3F16
:104ED000D17F1D3FC6021B3FC07F183FD9F6153F4B
:104EE0002A68133FCDD3103FDA390E3F6B9A0B3F40
:104EF0009BF5083F824B063F3D9C033FE4E7003FA4
:104F0000275DFC3ECBE0F63EEA5AF13EBBCBEB3EE2
:104F10007533E63E4F92E03E80E8DA3E4136D53EBC
:104F2000CA7BCF3E53B9C93E15EFC33E491DBE3EB5
:104F30002A44B83EEF63B23ED47CAC3E128FA63E0C
:104F4000E59AA03E86A09A3E32A0943E229A8E3EDA
:104F5000938E883EC07D823ECCCF783E7F9A6C3E59
:104F6000135C603E0115543EC2C5473ECF6E3B3ECA
:104F7000A2102F3EB5AB223E8340163E87CF093E9E
:104F800073B2FA3D2FBCE13D36BDC83D80B6AF3DA2
:104F900004A9963D752B7B3D2EFB483D2BC3163D4A
:104FA000B10AC93C920E493C00000000920E49BC77
:104FB000B10AC9BC2BC316BD2EFB48BD752B7BBDEA
:104FC00004A996BD80B6AFBD36BDC8BD2FBCE1BD3E
:104FD00073B2FABD87CF09BE834016BEB5AB22BE01
:104FE000A2102FBECF6E3BBEC2C547BE011554BE38
:104FF000135C60BE7F9A6CBECCCF78BEC07D82BE93
:10500000938E88BE229A8EBE32A094BE86A09ABE8F
:10501000E59AA0BE128FA6BED47CACBEEF63B2BE32
:105020002A44B8BE491DBEBE15EFC3BE53B9C9BEA2
:10503000CA7BCFBE4136D5BE80E8DABE4F92E0BE15
:105040007533E6BEBBCBEBBEEA5AF1BECBE0F6BE93
:10505000275DFCBEE4E700BF3D9C03BF824B06BF5B
:105060009BF508BF6B9A0BBFDA390EBFCDD310BFCB
:105070002A6813BFD9F615BFC07F18BFC6021BBF71
:10508000D17F1DBFCBF61FBF996722BF25D224BF9A
:10509000563627BF159429BF4AEB2BBFDE3B2EBFE8
:1050A000BB8530BFC9C832BFF30435BF233A37BF11
:1050B000426839BF3B8F3BBFF9AE3DBF67C73FBFBB
:1050C00070D841BF01E243BF03E445BF65DE47BF7F
:1050D00012D149BFF8BB4BBF029F4DBF207A4FBFD3
:1050E0003D4D51BF491853BF31DB54BFE59556BF05
:1050F000534858BF6AF259BF1A945BBF532D5DBF26
:1051000005BE5EBF214660BF97C561BF5A3C63BF05
:1051100059AA64BF880F66BFD86B67BF3CBF68BF22
:10512000A7096ABF0C4B6BBF5E836CBF93B26DBFA8
:105130009ED86EBF73F56FBF080971BF521372BF5F
:10514000471473BFDD0B74BF0BFA74BFC6DE75BFA7
:1051500007BA76BFC58B77BFF85378BF981279BF6F
:105160009DC779BF02737ABFBE147BBFCDAC7BBF36
:10517000283B7CBFC9BF7CBFAC3A7DBFCCAB7DBFF9
:1051800023137EBFB0707EBF6DC47EBF580E7FBF3D
:105190006D4E7FBFAB847FBF0FB17FBF97D37FBF03
:1051A00043EC7FBF11FB7FBF000080BF11FB7FBFBF
:1051B00043EC7FBF97D37FBF0FB17FBFAB847FBF6F
:1051C0006D4E7FBF580E7FBF6DC47EBFB0707EBF77
:1051D00023137EBFCCAB7DBFAC3A7DBFC9BF7CBFC4
:1051E000283B7CBFCDAC7BBFBE147BBF02737ABFB4
:1051F0009DC779BF981279BFF85378BFC58B77BF29
:1052000007BA76BFC6DE75BF0BFA74BFDD0B74BF7D
:10521000471473BF521372BF080971BF73F56FBF94
:105220009ED86EBF93B26DBF5E836CBF0C4B6BBFDD
:10523000A7096ABF3CBF68BFD86B67BF880F66BF4E
:1052400059AA64BF5A3C63BF97C561BF214660BF7E
:1052500005BE5EBF532D5DBF1A945BBF6AF259BF96
:10526000534858BFE59556BF31DB54BF491853BF6B
:105270003D4D51BF207A4FBF029F4DBFF8BB4BBF82
:1052800012D149BF65DE47BF03E445BF01E243BF1A
:1052900070D841BF67C73FBFF9AE3DBF3B8F3BBF33
:1052A000426839BF233A37BFF30435BFC9C832BF9C
:1052B000BB8530BFDE3B2EBF4AEB2BBF159429BF09
:1052C000563627BF25D224BF996722BFCBF61FBF12
:1052D000D17F1DBFC6021BBFC07F18BFD9F615BF47
:1052E0002A6813BFCDD310BFDA390EBF6B9A0BBF3C
:1052F0009BF508BF824B06BF3D9C03BFE4E700BFA0
:10530000275DFCBECBE0F6BEEA5AF1BEBBCBEBBEDE
:105310007533E6BE4F92E0BE80E8DABE4136D5BEB8
:10532000CA7BCFBE53B9C9BE15EFC3BE491DBEBEB1
:105330002A44B8BEEF63B2BED47CACBE128FA6BE08
:10534000E59AA0BE86A09ABE32A094BE229A8EBED6
:10535000938E88BEC07D82BECCCF78BE7F9A6CBE55
:10536000135C60BE011554BEC2C547BECF6E3BBEC6
:10537000A2102FBEB5AB22BE834016BE87CF09BE9A
:1053800073B2FABD2FBCE1BD36BDC8BD80B6AFBD9E
:1053900004A996BD752B7BBD2EFB48BD2BC316BD46
:1053A000B10AC9BC920E49BC000000800000000098
:1053B0004C5555555555A53F7751C1166CC156BF33
:1053C0009015CB19A001FA3EAD529C804F7E92BE43
:1053D000C4B1B4BD9EEE213ED43888BEE9FAA8BD62
:1053E00000004054FB21F93F3163621A61B4D03DA3
:1053F0000000601A61B4D03D7370032E8A19A33B7C
:105400000000002E8A19A33BC14920259A837B39CD
:1054100000000000000000006E83F9A22915444E30
:10542000D15727FCC0DD34F5999562DB4190433CB0
:10543000AB6351FE61C5BBDE3A6E24B7E0D24D428C
:10544000EA2E49061C92D1091CEB1DFE3EA729B18C
:10545000F53582E88444BB2E26709CE9417E5FB41A
:1054600039D69139F43953838B5F849C3B28F9BD3D
:10547000FF97F81F0F9805DE8B112FEF1F6D0A5A4B
:10548000CF7E366DB709CB27663F464F2DEA5F9E2C
:10549000C7BA27757BF1E5EBF739073DEA92528AE7
:1054A000B15FFB6B085D8D1F000000006E83F9A2E9
:1054B0002915444ED15727FCC0DD34F5999562DBA0
:1054C0004190433CAB6351FEA6F810111111813F8E
:1054D000D561C119A0012ABF7DFEB157E31DC73EAA
:1054E000EB9C2B8AE6E55ABE7CD5CF5A3AD9E53DEE
:1054F0006D795461736B30390000000055495F5479
:1055000041534B0063757272656E745F73656E64B0
:1055100000000000564F46415461736B00000000CC
:10552000524546455245455461736B00494E5354AC
:1055300061736B0067696D62616C5461736B00002D
:10554000636861737369735461736B006465746538
:1055500063745F7461736B007469726767657274FA
:1055600061736B0043000000470000004B00000027
:10557000530000005A000000985501080000002068
:1055800080070000C4010008B05601088007002011
:10559000C8DA000020020008013832104201035D21
:1055A00024F41AAA01C102180708081250C347CDF3
:1055B000CCCC3D0409531C110B1AC8421C01464BAC
:1055C0004040041159040B14803F1C2918691C39F0
:1055D000080911347924091118A914092A30290459
:1055E00039847995C918A904092AC4691C094AC4CF
:1055F000A9A8E918E91CE9C46930E9D06918691C4F
:105600000912E409169CA988A9040120A990E9803F
:10561000A984A970A9E0011A80093333EB3A58A094
:105620008B3A3201157D04017C100F0240AB03411F
:1056300001055308065804070F16081081091116B2
:105640000A15800B16450C18010D03B07017038B5B
:10565000FFFFA63F0AD7233C1B20410422C11BA009
:1056600040040239C06201AD9D0A733404BC93D773
:105670009404ADA2453E3F0401121AA09001348B60
:1056800066433C29D4410A35C84CC1034820422D09
:105690006666E63F04E11203052C030103011E6464
:1056A00055010868041A70041A6C041A7404012461
:040000050800018965
:00000001FF
